Direction, Head_x, Head_y, Food_x, Food_y, Score, Dist_left_border, Dist_right_border, Dist_up_border, Dist_down_border, Dist_body_x1, Dist_body_y1, Dist_body_x2, Dist_body_y2, Dist_body_x3, Dist_body_y3, Dist_body_x4, Dist_body_y4
RIGHT,100,50,80,250,0,100,380,430,50,0,0,10,0,20,0,,
RIGHT,110,50,80,250,-1,110,370,430,50,0,0,10,0,20,0,,
RIGHT,120,50,80,250,-2,120,360,430,50,0,0,10,0,20,0,,
RIGHT,130,50,80,250,-3,130,350,430,50,0,0,10,0,20,0,,
RIGHT,140,50,80,250,-4,140,340,430,50,0,0,10,0,20,0,,
RIGHT,150,50,80,250,-5,150,330,430,50,0,0,10,0,20,0,,
RIGHT,160,50,80,250,-6,160,320,430,50,0,0,10,0,20,0,,
RIGHT,170,50,80,250,-7,170,310,430,50,0,0,10,0,20,0,,
RIGHT,180,50,80,250,-8,180,300,430,50,0,0,10,0,20,0,,
RIGHT,190,50,80,250,-9,190,290,430,50,0,0,10,0,20,0,,
RIGHT,200,50,80,250,-10,200,280,430,50,0,0,10,0,20,0,,
RIGHT,210,50,80,250,-11,210,270,430,50,0,0,10,0,20,0,,
RIGHT,220,50,80,250,-12,220,260,430,50,0,0,10,0,20,0,,
RIGHT,230,50,80,250,-13,230,250,430,50,0,0,10,0,20,0,,
RIGHT,240,50,80,250,-14,240,240,430,50,0,0,10,0,20,0,,
RIGHT,250,50,80,250,-15,250,230,430,50,0,0,10,0,20,0,,
DOWN,260,50,80,250,-16,260,220,430,50,0,0,10,0,20,0,,
DOWN,260,60,80,250,-17,260,220,420,60,0,0,0,10,10,10,,
DOWN,260,70,80,250,-18,260,220,410,70,0,0,0,10,0,20,,
DOWN,260,80,80,250,-19,260,220,400,80,0,0,0,10,0,20,,
DOWN,260,90,80,250,-20,260,220,390,90,0,0,0,10,0,20,,
DOWN,260,100,80,250,-21,260,220,380,100,0,0,0,10,0,20,,
DOWN,260,110,80,250,-22,260,220,370,110,0,0,0,10,0,20,,
DOWN,260,120,80,250,-23,260,220,360,120,0,0,0,10,0,20,,
DOWN,260,130,80,250,-24,260,220,350,130,0,0,0,10,0,20,,
DOWN,260,140,80,250,-25,260,220,340,140,0,0,0,10,0,20,,
DOWN,260,150,80,250,-26,260,220,330,150,0,0,0,10,0,20,,
DOWN,260,160,80,250,-27,260,220,320,160,0,0,0,10,0,20,,
DOWN,260,170,80,250,-28,260,220,310,170,0,0,0,10,0,20,,
DOWN,260,180,80,250,-29,260,220,300,180,0,0,0,10,0,20,,
DOWN,260,190,80,250,-30,260,220,290,190,0,0,0,10,0,20,,
DOWN,260,200,80,250,-31,260,220,280,200,0,0,0,10,0,20,,
DOWN,260,210,80,250,-32,260,220,270,210,0,0,0,10,0,20,,
DOWN,260,220,80,250,-33,260,220,260,220,0,0,0,10,0,20,,
DOWN,260,230,80,250,-34,260,220,250,230,0,0,0,10,0,20,,
DOWN,260,240,80,250,-35,260,220,240,240,0,0,0,10,0,20,,
LEFT,260,250,80,250,-36,260,220,230,250,0,0,0,10,0,20,,
LEFT,250,250,80,250,-37,250,230,230,250,-10,0,0,0,-10,10,,
LEFT,240,250,80,250,-38,240,240,230,250,-20,0,0,0,-10,0,,
LEFT,230,250,80,250,-39,230,250,230,250,-20,0,0,0,-10,0,,
LEFT,220,250,80,250,-40,220,260,230,250,-20,0,0,0,-10,0,,
LEFT,210,250,80,250,-41,210,270,230,250,-20,0,0,0,-10,0,,
LEFT,200,250,80,250,-42,200,280,230,250,-20,0,0,0,-10,0,,
LEFT,190,250,80,250,-43,190,290,230,250,-20,0,0,0,-10,0,,
LEFT,180,250,80,250,-44,180,300,230,250,-20,0,0,0,-10,0,,
LEFT,170,250,80,250,-45,170,310,230,250,-20,0,0,0,-10,0,,
LEFT,160,250,80,250,-46,160,320,230,250,-20,0,0,0,-10,0,,
LEFT,150,250,80,250,-47,150,330,230,250,-20,0,0,0,-10,0,,
LEFT,140,250,80,250,-48,140,340,230,250,-20,0,0,0,-10,0,,
LEFT,130,250,80,250,-49,130,350,230,250,-20,0,0,0,-10,0,,
LEFT,120,250,80,250,-50,120,360,230,250,-20,0,0,0,-10,0,,
LEFT,110,250,80,250,-51,110,370,230,250,-20,0,0,0,-10,0,,
LEFT,100,250,80,250,-52,100,380,230,250,-20,0,0,0,-10,0,,
LEFT,90,250,80,250,-53,90,390,230,250,-20,0,0,0,-10,0,,
UP,80,250,360,240,47,80,400,230,250,-30,0,0,0,-10,0,-20,0
UP,80,240,360,240,46,80,400,240,240,-20,-10,0,0,0,-10,-10,-10
UP,80,230,360,240,45,80,400,250,230,-10,-20,0,0,0,-10,0,-20
UP,80,220,360,240,44,80,400,260,220,0,-30,0,0,0,-10,0,-20
UP,80,210,360,240,43,80,400,270,210,0,-30,0,0,0,-10,0,-20
UP,80,200,360,240,42,80,400,280,200,0,-30,0,0,0,-10,0,-20
UP,80,190,360,240,41,80,400,290,190,0,-30,0,0,0,-10,0,-20
UP,80,180,360,240,40,80,400,300,180,0,-30,0,0,0,-10,0,-20
UP,80,170,360,240,39,80,400,310,170,0,-30,0,0,0,-10,0,-20
RIGHT,80,160,360,240,38,80,400,320,160,0,-30,0,0,0,-10,0,-20
RIGHT,90,160,360,240,37,90,390,320,160,10,-20,10,-10,10,0,0,0
RIGHT,100,160,360,240,36,100,380,320,160,0,0,10,0,20,-10,20,0
RIGHT,110,160,360,240,35,110,370,320,160,0,0,10,0,20,0,30,0
RIGHT,120,160,360,240,34,120,360,320,160,0,0,10,0,20,0,30,0
RIGHT,130,160,360,240,33,130,350,320,160,0,0,10,0,20,0,30,0
RIGHT,140,160,360,240,32,140,340,320,160,0,0,10,0,20,0,30,0
RIGHT,150,160,360,240,31,150,330,320,160,0,0,10,0,20,0,30,0
RIGHT,160,160,360,240,30,160,320,320,160,0,0,10,0,20,0,30,0
RIGHT,170,160,360,240,29,170,310,320,160,0,0,10,0,20,0,30,0
RIGHT,180,160,360,240,28,180,300,320,160,0,0,10,0,20,0,30,0
RIGHT,190,160,360,240,27,190,290,320,160,0,0,10,0,20,0,30,0
RIGHT,200,160,360,240,26,200,280,320,160,0,0,10,0,20,0,30,0
RIGHT,210,160,360,240,25,210,270,320,160,0,0,10,0,20,0,30,0
RIGHT,220,160,360,240,24,220,260,320,160,0,0,10,0,20,0,30,0
RIGHT,230,160,360,240,23,230,250,320,160,0,0,10,0,20,0,30,0
RIGHT,240,160,360,240,22,240,240,320,160,0,0,10,0,20,0,30,0
RIGHT,250,160,360,240,21,250,230,320,160,0,0,10,0,20,0,30,0
RIGHT,260,160,360,240,20,260,220,320,160,0,0,10,0,20,0,30,0
RIGHT,270,160,360,240,19,270,210,320,160,0,0,10,0,20,0,30,0
RIGHT,280,160,360,240,18,280,200,320,160,0,0,10,0,20,0,30,0
RIGHT,290,160,360,240,17,290,190,320,160,0,0,10,0,20,0,30,0
RIGHT,300,160,360,240,16,300,180,320,160,0,0,10,0,20,0,30,0
RIGHT,310,160,360,240,15,310,170,320,160,0,0,10,0,20,0,30,0
RIGHT,320,160,360,240,14,320,160,320,160,0,0,10,0,20,0,30,0
RIGHT,330,160,360,240,13,330,150,320,160,0,0,10,0,20,0,30,0
RIGHT,340,160,360,240,12,340,140,320,160,0,0,10,0,20,0,30,0
RIGHT,350,160,360,240,11,350,130,320,160,0,0,10,0,20,0,30,0
DOWN,360,160,360,240,10,360,120,320,160,0,0,10,0,20,0,30,0
DOWN,360,170,360,240,9,360,120,310,170,0,0,0,10,10,10,20,10
DOWN,360,180,360,240,8,360,120,300,180,0,0,0,10,0,20,10,20
DOWN,360,190,360,240,7,360,120,290,190,0,0,0,10,0,20,0,30
DOWN,360,200,360,240,6,360,120,280,200,0,0,0,10,0,20,0,30
DOWN,360,210,360,240,5,360,120,270,210,0,0,0,10,0,20,0,30
DOWN,360,220,360,240,4,360,120,260,220,0,0,0,10,0,20,0,30
DOWN,360,230,360,240,3,360,120,250,230,0,0,0,10,0,20,0,30
DOWN,360,240,10,130,103,360,120,240,240,0,0,0,10,0,20,0,30
DOWN,360,250,10,130,102,360,120,230,250,0,0,0,10,0,20,0,30
DOWN,360,260,10,130,101,360,120,220,260,0,0,0,10,0,20,0,30
DOWN,360,270,10,130,100,360,120,210,270,0,0,0,10,0,20,0,30
DOWN,360,280,10,130,99,360,120,200,280,0,0,0,10,0,20,0,30
LEFT,360,290,10,130,98,360,120,190,290,0,0,0,10,0,20,0,30
LEFT,350,290,10,130,97,350,130,190,290,-10,0,-10,10,0,0,-10,20
LEFT,340,290,10,130,96,340,140,190,290,-20,0,-20,10,-10,0,0,0
LEFT,330,290,10,130,95,330,150,190,290,-30,0,-30,10,-10,0,-20,0
LEFT,320,290,10,130,94,320,160,190,290,-40,0,0,0,-10,0,-20,0
LEFT,310,290,10,130,93,310,170,190,290,-40,0,0,0,-10,0,-20,0
LEFT,300,290,10,130,92,300,180,190,290,-40,0,0,0,-10,0,-20,0
LEFT,290,290,10,130,91,290,190,190,290,-40,0,0,0,-10,0,-20,0
LEFT,280,290,10,130,90,280,200,190,290,-40,0,0,0,-10,0,-20,0
LEFT,270,290,10,130,89,270,210,190,290,-40,0,0,0,-10,0,-20,0
LEFT,260,290,10,130,88,260,220,190,290,-40,0,0,0,-10,0,-20,0
LEFT,250,290,10,130,87,250,230,190,290,-40,0,0,0,-10,0,-20,0
LEFT,240,290,10,130,86,240,240,190,290,-40,0,0,0,-10,0,-20,0
LEFT,230,290,10,130,85,230,250,190,290,-40,0,0,0,-10,0,-20,0
LEFT,220,290,10,130,84,220,260,190,290,-40,0,0,0,-10,0,-20,0
LEFT,210,290,10,130,83,210,270,190,290,-40,0,0,0,-10,0,-20,0
LEFT,200,290,10,130,82,200,280,190,290,-40,0,0,0,-10,0,-20,0
LEFT,190,290,10,130,81,190,290,190,290,-40,0,0,0,-10,0,-20,0
LEFT,180,290,10,130,80,180,300,190,290,-40,0,0,0,-10,0,-20,0
LEFT,170,290,10,130,79,170,310,190,290,-40,0,0,0,-10,0,-20,0
LEFT,160,290,10,130,78,160,320,190,290,-40,0,0,0,-10,0,-20,0
LEFT,150,290,10,130,77,150,330,190,290,-40,0,0,0,-10,0,-20,0
LEFT,140,290,10,130,76,140,340,190,290,-40,0,0,0,-10,0,-20,0
LEFT,130,290,10,130,75,130,350,190,290,-40,0,0,0,-10,0,-20,0
LEFT,120,290,10,130,74,120,360,190,290,-40,0,0,0,-10,0,-20,0
LEFT,110,290,10,130,73,110,370,190,290,-40,0,0,0,-10,0,-20,0
LEFT,100,290,10,130,72,100,380,190,290,-40,0,0,0,-10,0,-20,0
LEFT,90,290,10,130,71,90,390,190,290,-40,0,0,0,-10,0,-20,0
LEFT,80,290,10,130,70,80,400,190,290,-40,0,0,0,-10,0,-20,0
LEFT,70,290,10,130,69,70,410,190,290,-40,0,0,0,-10,0,-20,0
LEFT,60,290,10,130,68,60,420,190,290,-40,0,0,0,-10,0,-20,0
LEFT,50,290,10,130,67,50,430,190,290,-40,0,0,0,-10,0,-20,0
LEFT,40,290,10,130,66,40,440,190,290,-40,0,0,0,-10,0,-20,0
LEFT,30,290,10,130,65,30,450,190,290,-40,0,0,0,-10,0,-20,0
LEFT,20,290,10,130,64,20,460,190,290,-40,0,0,0,-10,0,-20,0
UP,10,290,10,130,63,10,470,190,290,-40,0,0,0,-10,0,-20,0
UP,10,280,10,130,62,10,470,200,280,-30,-10,0,0,0,-10,-10,-10
UP,10,270,10,130,61,10,470,210,270,-20,-20,0,0,0,-10,0,-20
UP,10,260,10,130,60,10,470,220,260,-10,-30,0,0,0,-10,0,-20
UP,10,250,10,130,59,10,470,230,250,0,-40,0,0,0,-10,0,-20
UP,10,240,10,130,58,10,470,240,240,0,-40,0,0,0,-10,0,-20
UP,10,230,10,130,57,10,470,250,230,0,-40,0,0,0,-10,0,-20
UP,10,220,10,130,56,10,470,260,220,0,-40,0,0,0,-10,0,-20
UP,10,210,10,130,55,10,470,270,210,0,-40,0,0,0,-10,0,-20
UP,10,200,10,130,54,10,470,280,200,0,-40,0,0,0,-10,0,-20
UP,10,190,10,130,53,10,470,290,190,0,-40,0,0,0,-10,0,-20
UP,10,180,10,130,52,10,470,300,180,0,-40,0,0,0,-10,0,-20
UP,10,170,10,130,51,10,470,310,170,0,-40,0,0,0,-10,0,-20
UP,10,160,10,130,50,10,470,320,160,0,-40,0,0,0,-10,0,-20
UP,10,150,10,130,49,10,470,330,150,0,-40,0,0,0,-10,0,-20
UP,10,140,10,130,48,10,470,340,140,0,-40,0,0,0,-10,0,-20
UP,10,130,150,460,148,10,470,350,130,0,-50,0,0,0,-10,0,-20
UP,10,120,150,460,147,10,470,360,120,0,-50,0,0,0,-10,0,-20
UP,10,110,150,460,146,10,470,370,110,0,-50,0,0,0,-10,0,-20
UP,10,100,150,460,145,10,470,380,100,0,-50,0,0,0,-10,0,-20
UP,10,90,150,460,144,10,470,390,90,0,-50,0,0,0,-10,0,-20
LEFT,10,80,150,460,143,10,470,400,80,0,-50,0,0,0,-10,0,-20
UP,0,80,150,460,142,0,480,400,80,-10,-40,0,0,-10,0,-10,-10
UP,0,70,150,460,141,0,480,410,70,-10,-40,0,0,0,-10,-10,-10
UP,0,60,150,460,140,0,480,420,60,-10,-40,0,0,0,-10,0,-20
UP,0,50,150,460,139,0,480,430,50,-10,-40,0,0,0,-10,0,-20
UP,0,40,150,460,138,0,480,440,40,-10,-40,0,0,0,-10,0,-20
RIGHT,0,30,150,460,137,0,480,450,30,0,-50,0,0,0,-10,0,-20
RIGHT,10,30,150,460,136,10,470,450,30,10,-40,10,-10,10,0,0,0
RIGHT,20,30,150,460,135,20,460,450,30,20,-30,20,-20,20,-10,20,0
DOWN,30,30,150,460,134,30,450,450,30,0,0,10,0,30,-20,30,-10
DOWN,30,40,150,460,133,30,450,440,40,0,0,0,10,10,10,20,10
DOWN,30,50,150,460,132,30,450,430,50,0,0,0,10,0,20,10,20
DOWN,30,60,150,460,131,30,450,420,60,0,0,0,10,0,20,0,30
DOWN,30,70,150,460,130,30,450,410,70,0,0,0,10,0,20,0,30
DOWN,30,80,150,460,129,30,450,400,80,0,0,0,10,0,20,0,30
DOWN,30,90,150,460,128,30,450,390,90,0,0,0,10,0,20,0,30
DOWN,30,100,150,460,127,30,450,380,100,0,0,0,10,0,20,0,30
DOWN,30,110,150,460,126,30,450,370,110,0,0,0,10,0,20,0,30
DOWN,30,120,150,460,125,30,450,360,120,0,0,0,10,0,20,0,30
DOWN,30,130,150,460,124,30,450,350,130,0,0,0,10,0,20,0,30
DOWN,30,140,150,460,123,30,450,340,140,0,0,0,10,0,20,0,30
DOWN,30,150,150,460,122,30,450,330,150,0,0,0,10,0,20,0,30
DOWN,30,160,150,460,121,30,450,320,160,0,0,0,10,0,20,0,30
DOWN,30,170,150,460,120,30,450,310,170,0,0,0,10,0,20,0,30
DOWN,30,180,150,460,119,30,450,300,180,0,0,0,10,0,20,0,30
DOWN,30,190,150,460,118,30,450,290,190,0,0,0,10,0,20,0,30
DOWN,30,200,150,460,117,30,450,280,200,0,0,0,10,0,20,0,30
DOWN,30,210,150,460,116,30,450,270,210,0,0,0,10,0,20,0,30
DOWN,30,220,150,460,115,30,450,260,220,0,0,0,10,0,20,0,30
DOWN,30,230,150,460,114,30,450,250,230,0,0,0,10,0,20,0,30
DOWN,30,240,150,460,113,30,450,240,240,0,0,0,10,0,20,0,30
DOWN,30,250,150,460,112,30,450,230,250,0,0,0,10,0,20,0,30
DOWN,30,260,150,460,111,30,450,220,260,0,0,0,10,0,20,0,30
DOWN,30,270,150,460,110,30,450,210,270,0,0,0,10,0,20,0,30
DOWN,30,280,150,460,109,30,450,200,280,0,0,0,10,0,20,0,30
DOWN,30,290,150,460,108,30,450,190,290,0,0,0,10,0,20,0,30
DOWN,30,300,150,460,107,30,450,180,300,0,0,0,10,0,20,0,30
DOWN,30,310,150,460,106,30,450,170,310,0,0,0,10,0,20,0,30
DOWN,30,320,150,460,105,30,450,160,320,0,0,0,10,0,20,0,30
DOWN,30,330,150,460,104,30,450,150,330,0,0,0,10,0,20,0,30
DOWN,30,340,150,460,103,30,450,140,340,0,0,0,10,0,20,0,30
DOWN,30,350,150,460,102,30,450,130,350,0,0,0,10,0,20,0,30
DOWN,30,360,150,460,101,30,450,120,360,0,0,0,10,0,20,0,30
DOWN,30,370,150,460,100,30,450,110,370,0,0,0,10,0,20,0,30
DOWN,30,380,150,460,99,30,450,100,380,0,0,0,10,0,20,0,30
DOWN,30,390,150,460,98,30,450,90,390,0,0,0,10,0,20,0,30
DOWN,30,400,150,460,97,30,450,80,400,0,0,0,10,0,20,0,30
DOWN,30,410,150,460,96,30,450,70,410,0,0,0,10,0,20,0,30
DOWN,30,420,150,460,95,30,450,60,420,0,0,0,10,0,20,0,30
DOWN,30,430,150,460,94,30,450,50,430,0,0,0,10,0,20,0,30
DOWN,30,440,150,460,93,30,450,40,440,0,0,0,10,0,20,0,30
RIGHT,30,450,150,460,92,30,450,30,450,0,0,0,10,0,20,0,30
RIGHT,40,450,150,460,91,40,440,30,450,0,0,10,0,10,10,10,20
RIGHT,50,450,150,460,90,50,430,30,450,0,0,10,0,20,0,20,10
RIGHT,60,450,150,460,89,60,420,30,450,0,0,10,0,20,0,30,0
RIGHT,70,450,150,460,88,70,410,30,450,0,0,10,0,20,0,30,0
RIGHT,80,450,150,460,87,80,400,30,450,0,0,10,0,20,0,30,0
RIGHT,90,450,150,460,86,90,390,30,450,0,0,10,0,20,0,30,0
RIGHT,100,450,150,460,85,100,380,30,450,0,0,10,0,20,0,30,0
RIGHT,110,450,150,460,84,110,370,30,450,0,0,10,0,20,0,30,0
DOWN,120,450,150,460,83,120,360,30,450,0,0,10,0,20,0,30,0
DOWN,120,460,150,460,82,120,360,20,460,0,0,0,10,10,10,20,10
RIGHT,120,470,150,460,81,120,360,10,470,0,0,0,10,0,20,10,20
RIGHT,130,470,150,460,80,130,350,10,470,0,0,10,0,10,10,10,20
RIGHT,140,470,150,460,79,140,340,10,470,0,0,10,0,20,0,20,10
RIGHT,150,470,150,460,78,150,330,10,470,0,0,10,0,20,0,30,0
RIGHT,160,470,150,460,77,160,320,10,470,0,0,10,0,20,0,30,0
RIGHT,170,470,150,460,76,170,310,10,470,0,0,10,0,20,0,30,0
UP,180,470,150,460,75,180,300,10,470,0,0,10,0,20,0,30,0
UP,180,460,150,460,74,180,300,20,460,0,-10,10,-10,0,0,20,-10
UP,180,450,150,460,73,180,300,30,450,0,-20,10,-20,0,-10,20,-20
LEFT,180,440,150,460,72,180,300,40,440,0,-30,10,-30,0,-10,0,-20
LEFT,170,440,150,460,71,170,310,40,440,-10,-30,0,-30,-10,0,-10,-10
LEFT,160,440,150,460,70,160,320,40,440,-20,-30,0,0,-10,0,-20,0
LEFT,150,440,150,460,69,150,330,40,440,-30,-20,0,0,-10,0,-20,0
DOWN,140,440,150,460,68,140,340,40,440,-40,-10,0,0,-10,0,-20,0
DOWN,140,450,150,460,67,140,340,30,450,-40,10,-10,10,0,10,0,0
DOWN,140,460,150,460,66,140,340,20,460,-30,20,-20,20,-10,20,0,20
RIGHT,140,470,150,460,65,140,340,10,470,0,0,0,10,-20,30,-10,30
RIGHT,150,470,150,460,64,150,330,10,470,0,0,10,0,10,10,10,20
RIGHT,160,470,150,460,63,160,320,10,470,0,0,10,0,20,0,20,10
RIGHT,170,470,150,460,62,170,310,10,470,0,0,10,0,20,0,30,0
RIGHT,180,470,150,460,61,180,300,10,470,0,0,10,0,20,0,30,0
RIGHT,190,470,150,460,60,190,290,10,470,0,0,10,0,20,0,30,0
UP,200,470,150,460,59,200,280,10,470,0,0,10,0,20,0,30,0
UP,200,460,150,460,58,200,280,20,460,0,-10,10,-10,0,0,20,-10
LEFT,200,450,150,460,57,200,280,30,450,0,-20,10,-20,0,-10,20,-20
LEFT,190,450,150,460,56,190,290,30,450,-10,-20,0,-20,-10,0,-10,-10
LEFT,180,450,150,460,55,180,300,30,450,-20,-20,-10,-20,-10,0,-20,0
LEFT,170,450,150,460,54,170,310,30,450,-30,-20,0,0,-10,0,-20,0
LEFT,160,450,150,460,53,160,320,30,450,-40,-10,0,0,-10,0,-20,0
LEFT,150,450,150,460,52,150,330,30,450,-50,0,0,0,-10,0,-20,0
LEFT,140,450,150,460,51,140,340,30,450,-50,0,0,0,-10,0,-20,0
LEFT,130,450,150,460,50,130,350,30,450,-50,0,0,0,-10,0,-20,0
LEFT,120,450,150,460,49,120,360,30,450,-50,0,0,0,-10,0,-20,0
LEFT,110,450,150,460,48,110,370,30,450,-50,0,0,0,-10,0,-20,0
LEFT,100,450,150,460,47,100,380,30,450,-50,0,0,0,-10,0,-20,0
DOWN,90,450,150,460,46,90,390,30,450,-50,0,0,0,-10,0,-20,0
RIGHT,90,460,150,460,45,90,390,20,460,-40,10,-10,10,0,10,0,0
RIGHT,100,460,150,460,44,100,380,20,460,-20,10,-10,10,0,10,10,10
RIGHT,110,460,150,460,43,110,370,20,460,0,0,10,0,0,10,10,10
RIGHT,120,460,150,460,42,120,360,20,460,0,0,10,0,20,0,30,0
RIGHT,130,460,150,460,41,130,350,20,460,0,0,10,0,20,0,30,0
RIGHT,140,460,150,460,40,140,340,20,460,0,0,10,0,20,0,30,0
RIGHT,150,460,150,360,140,150,330,20,460,0,0,10,0,20,0,30,0
RIGHT,160,460,150,360,139,160,320,20,460,0,0,10,0,20,0,30,0
RIGHT,170,460,150,360,138,170,310,20,460,0,0,10,0,20,0,30,0
RIGHT,180,460,150,360,137,180,300,20,460,0,0,10,0,20,0,30,0
RIGHT,190,460,150,360,136,190,290,20,460,0,0,10,0,20,0,30,0
UP,200,460,150,360,135,200,280,20,460,0,0,10,0,20,0,30,0
UP,200,450,150,360,134,200,280,30,450,0,-10,10,-10,0,0,20,-10
UP,200,440,150,360,133,200,280,40,440,0,-20,10,-20,0,-10,20,-20
UP,200,430,150,360,132,200,280,50,430,0,-30,10,-30,0,-10,0,-20
UP,200,420,150,360,131,200,280,60,420,0,-40,10,-40,20,-40,0,-20
UP,200,410,150,360,130,200,280,70,410,0,-50,10,-50,0,-10,0,-20
UP,200,400,150,360,129,200,280,80,400,0,-60,0,0,0,-10,0,-20
UP,200,390,150,360,128,200,280,90,390,0,-60,0,0,0,-10,0,-20
UP,200,380,150,360,127,200,280,100,380,0,-60,0,0,0,-10,0,-20
LEFT,200,370,150,360,126,200,280,110,370,0,-60,0,0,0,-10,0,-20
LEFT,190,370,150,360,125,190,290,110,370,-10,-50,0,0,-10,0,-10,-10
LEFT,180,370,150,360,124,180,300,110,370,-20,-40,0,0,-10,0,-20,0
LEFT,170,370,150,360,123,170,310,110,370,-30,-30,0,0,-10,0,-20,0
LEFT,160,370,150,360,122,160,320,110,370,-40,-20,0,0,-10,0,-20,0
UP,150,370,150,360,121,150,330,110,370,-50,-10,0,0,-10,0,-20,0
UP,150,360,80,280,221,150,330,120,360,-50,-20,0,0,0,-10,-10,-10
UP,150,350,80,280,220,150,330,130,350,-50,-20,0,0,0,-10,0,-20
UP,150,340,80,280,219,150,330,140,340,-40,-30,0,0,0,-10,0,-20
UP,150,330,80,280,218,150,330,150,330,-30,-40,0,0,0,-10,0,-20
UP,150,320,80,280,217,150,330,160,320,-20,-50,0,0,0,-10,0,-20
UP,150,310,80,280,216,150,330,170,310,-10,-60,0,0,0,-10,0,-20
LEFT,150,300,80,280,215,150,330,180,300,0,-70,0,0,0,-10,0,-20
LEFT,140,300,80,280,214,140,340,180,300,-10,-60,0,0,-10,0,-10,-10
LEFT,130,300,80,280,213,130,350,180,300,-20,-50,0,0,-10,0,-20,0
LEFT,120,300,80,280,212,120,360,180,300,-30,-40,0,0,-10,0,-20,0
LEFT,110,300,80,280,211,110,370,180,300,-40,-30,0,0,-10,0,-20,0
LEFT,100,300,80,280,210,100,380,180,300,-50,-20,0,0,-10,0,-20,0
LEFT,90,300,80,280,209,90,390,180,300,-60,-10,0,0,-10,0,-20,0
UP,80,300,80,280,208,80,400,180,300,-70,0,0,0,-10,0,-20,0
UP,80,290,80,280,207,80,400,190,290,-60,-10,0,0,0,-10,-10,-10
UP,80,280,220,320,307,80,400,200,280,-60,-20,0,0,0,-10,0,-20
UP,80,270,220,320,306,80,400,210,270,-50,-30,0,0,0,-10,0,-20
UP,80,260,220,320,305,80,400,220,260,-40,-40,0,0,0,-10,0,-20
UP,80,250,220,320,304,80,400,230,250,-30,-50,0,0,0,-10,0,-20
UP,80,240,220,320,303,80,400,240,240,-20,-60,0,0,0,-10,0,-20
RIGHT,80,230,220,320,302,80,400,250,230,-10,-70,0,0,0,-10,0,-20
RIGHT,90,230,220,320,301,90,390,250,230,10,-70,10,-10,10,0,0,0
RIGHT,100,230,220,320,300,100,380,250,230,20,-60,20,-20,20,-10,20,0
RIGHT,110,230,220,320,299,110,370,250,230,30,-50,30,-30,30,-20,30,-10
RIGHT,120,230,220,320,298,120,360,250,230,0,0,40,-40,40,-30,40,-20
RIGHT,130,230,220,320,297,130,350,250,230,0,0,10,0,20,0,50,-30
RIGHT,140,230,220,320,296,140,340,250,230,0,0,10,0,20,0,30,0
RIGHT,150,230,220,320,295,150,330,250,230,0,0,10,0,20,0,30,0
RIGHT,160,230,220,320,294,160,320,250,230,0,0,10,0,20,0,30,0
RIGHT,170,230,220,320,293,170,310,250,230,0,0,10,0,20,0,30,0
RIGHT,180,230,220,320,292,180,300,250,230,0,0,10,0,20,0,30,0
RIGHT,190,230,220,320,291,190,290,250,230,0,0,10,0,20,0,30,0
RIGHT,200,230,220,320,290,200,280,250,230,0,0,10,0,20,0,30,0
DOWN,210,230,220,320,289,210,270,250,230,0,0,10,0,20,0,30,0
DOWN,210,240,220,320,288,210,270,240,240,0,0,0,10,10,10,20,10
DOWN,210,250,220,320,287,210,270,230,250,0,0,0,10,0,20,10,20
DOWN,210,260,220,320,286,210,270,220,260,0,0,0,10,0,20,0,30
DOWN,210,270,220,320,285,210,270,210,270,0,0,0,10,0,20,0,30
DOWN,210,280,220,320,284,210,270,200,280,0,0,0,10,0,20,0,30
DOWN,210,290,220,320,283,210,270,190,290,0,0,0,10,0,20,0,30
DOWN,210,300,220,320,282,210,270,180,300,0,0,0,10,0,20,0,30
RIGHT,210,310,220,320,281,210,270,170,310,0,0,0,10,0,20,0,30
RIGHT,220,310,220,320,280,220,260,170,310,0,0,10,0,10,10,10,20
RIGHT,230,310,220,320,279,230,250,170,310,0,0,10,0,20,0,20,10
RIGHT,240,310,220,320,278,240,240,170,310,0,0,10,0,20,0,30,0
RIGHT,250,310,220,320,277,250,230,170,310,0,0,10,0,20,0,30,0
RIGHT,260,310,220,320,276,260,220,170,310,0,0,10,0,20,0,30,0
RIGHT,270,310,220,320,275,270,210,170,310,0,0,10,0,20,0,30,0
DOWN,280,310,220,320,274,280,200,170,310,0,0,10,0,20,0,30,0
DOWN,280,320,220,320,273,280,200,160,320,0,0,0,10,10,10,20,10
LEFT,280,330,220,320,272,280,200,150,330,0,0,0,10,0,20,10,20
LEFT,270,330,220,320,271,270,210,150,330,-10,0,-10,10,0,0,-10,20
LEFT,260,330,220,320,270,260,220,150,330,-20,0,-20,10,-10,0,-20,20
LEFT,250,330,220,320,269,250,230,150,330,-30,0,-30,10,-10,0,-20,0
LEFT,240,330,220,320,268,240,240,150,330,-40,0,-40,10,-40,20,-20,0
UP,230,330,220,320,267,230,250,150,330,-50,0,-50,10,-50,20,-20,0
UP,230,320,220,320,266,230,250,160,320,-50,-10,-50,0,-50,10,-10,-10
UP,230,310,220,320,265,230,250,170,310,-50,-20,-50,-10,0,-10,0,-20
UP,230,300,220,320,264,230,250,180,300,-50,-30,0,0,0,-10,0,-20
UP,230,290,220,320,263,230,250,190,290,-40,-40,0,0,0,-10,0,-20
UP,230,280,220,320,262,230,250,200,280,-30,-50,0,0,0,-10,0,-20
UP,230,270,220,320,261,230,250,210,270,-20,-60,0,0,0,-10,0,-20
UP,230,260,220,320,260,230,250,220,260,-10,-70,0,0,0,-10,0,-20
LEFT,230,250,220,320,259,230,250,230,250,0,-80,0,0,0,-10,0,-20
DOWN,220,250,220,320,258,220,260,230,250,-10,-70,0,0,-10,0,-10,-10
DOWN,220,260,220,320,257,220,260,220,260,-10,-50,-10,10,0,10,0,0
DOWN,220,270,220,320,256,220,260,210,270,-10,-30,-10,10,-10,20,0,20
DOWN,220,280,220,320,255,220,260,200,280,-10,-10,-10,10,-10,20,-10,30
DOWN,220,290,220,320,254,220,260,190,290,0,0,-10,10,-10,20,-10,30
DOWN,220,300,220,320,253,220,260,180,300,0,0,0,10,0,20,-10,30
DOWN,220,310,220,320,252,220,260,170,310,0,0,0,10,0,20,0,30
DOWN,220,320,10,380,352,220,260,160,320,0,0,0,10,0,20,0,30
DOWN,220,330,10,380,351,220,260,150,330,0,0,0,10,0,20,0,30
DOWN,220,340,10,380,350,220,260,140,340,0,0,0,10,0,20,0,30
DOWN,220,350,10,380,349,220,260,130,350,0,0,0,10,0,20,0,30
DOWN,220,360,10,380,348,220,260,120,360,0,0,0,10,0,20,0,30
DOWN,220,370,10,380,347,220,260,110,370,0,0,0,10,0,20,0,30
DOWN,220,380,10,380,346,220,260,100,380,0,0,0,10,0,20,0,30
LEFT,220,390,10,380,345,220,260,90,390,0,0,0,10,0,20,0,30
LEFT,210,390,10,380,344,210,270,90,390,-10,0,-10,10,0,0,-10,20
LEFT,200,390,10,380,343,200,280,90,390,-20,0,-20,10,-10,0,-20,20
LEFT,190,390,10,380,342,190,290,90,390,-30,0,-30,10,-10,0,-20,0
LEFT,180,390,10,380,341,180,300,90,390,-40,0,-40,10,-40,20,-20,0
LEFT,170,390,10,380,340,170,310,90,390,-50,0,-50,10,-50,20,-20,0
LEFT,160,390,10,380,339,160,320,90,390,-60,0,-60,10,-60,20,-60,30
LEFT,150,390,10,380,338,150,330,90,390,-70,0,-70,10,-70,20,-20,0
LEFT,140,390,10,380,337,140,340,90,390,-80,0,-80,10,-10,0,-20,0
LEFT,130,390,10,380,336,130,350,90,390,-90,0,0,0,-10,0,-20,0
LEFT,120,390,10,380,335,120,360,90,390,-90,0,0,0,-10,0,-20,0
LEFT,110,390,10,380,334,110,370,90,390,-90,0,0,0,-10,0,-20,0
LEFT,100,390,10,380,333,100,380,90,390,-90,0,0,0,-10,0,-20,0
LEFT,90,390,10,380,332,90,390,90,390,-90,0,0,0,-10,0,-20,0
LEFT,80,390,10,380,331,80,400,90,390,-90,0,0,0,-10,0,-20,0
LEFT,70,390,10,380,330,70,410,90,390,-90,0,0,0,-10,0,-20,0
LEFT,60,390,10,380,329,60,420,90,390,-90,0,0,0,-10,0,-20,0
LEFT,50,390,10,380,328,50,430,90,390,-90,0,0,0,-10,0,-20,0
LEFT,40,390,10,380,327,40,440,90,390,-90,0,0,0,-10,0,-20,0
LEFT,30,390,10,380,326,30,450,90,390,-90,0,0,0,-10,0,-20,0
LEFT,20,390,10,380,325,20,460,90,390,-90,0,0,0,-10,0,-20,0
UP,10,390,10,380,324,10,470,90,390,-90,0,0,0,-10,0,-20,0
UP,10,380,110,470,424,10,470,100,380,-90,-10,0,0,0,-10,-10,-10
UP,10,370,110,470,423,10,470,110,370,-80,-20,0,0,0,-10,0,-20
UP,10,360,110,470,422,10,470,120,360,-70,-30,0,0,0,-10,0,-20
UP,10,350,110,470,421,10,470,130,350,-60,-40,0,0,0,-10,0,-20
UP,10,340,110,470,420,10,470,140,340,-50,-50,0,0,0,-10,0,-20
UP,10,330,110,470,419,10,470,150,330,-40,-60,0,0,0,-10,0,-20
RIGHT,10,320,110,470,418,10,470,160,320,-30,-70,0,0,0,-10,0,-20
RIGHT,20,320,110,470,417,20,460,160,320,-10,-70,10,-10,10,0,0,0
RIGHT,30,320,110,470,416,30,450,160,320,10,-70,20,-20,20,-10,20,0
RIGHT,40,320,110,470,415,40,440,160,320,30,-70,30,-30,30,-20,30,-10
RIGHT,50,320,110,470,414,50,430,160,320,40,-60,40,-40,40,-30,40,-20
RIGHT,60,320,110,470,413,60,420,160,320,0,0,50,-50,50,-40,50,-30
RIGHT,70,320,110,470,412,70,410,160,320,0,0,10,0,20,0,60,-40
RIGHT,80,320,110,470,411,80,400,160,320,0,0,10,0,20,0,30,0
RIGHT,90,320,110,470,410,90,390,160,320,0,0,10,0,20,0,30,0
RIGHT,100,320,110,470,409,100,380,160,320,0,0,10,0,20,0,30,0
RIGHT,110,320,110,470,408,110,370,160,320,0,0,10,0,20,0,30,0
DOWN,120,320,110,470,407,120,360,160,320,0,0,10,0,20,0,30,0
DOWN,120,330,110,470,406,120,360,150,330,0,0,0,10,10,10,20,10
DOWN,120,340,110,470,405,120,360,140,340,0,0,0,10,0,20,10,20
DOWN,120,350,110,470,404,120,360,130,350,0,0,0,10,0,20,0,30
DOWN,120,360,110,470,403,120,360,120,360,0,0,0,10,0,20,0,30
DOWN,120,370,110,470,402,120,360,110,370,0,0,0,10,0,20,0,30
DOWN,120,380,110,470,401,120,360,100,380,0,0,0,10,0,20,0,30
DOWN,120,390,110,470,400,120,360,90,390,0,0,0,10,0,20,0,30
DOWN,120,400,110,470,399,120,360,80,400,0,0,0,10,0,20,0,30
DOWN,120,410,110,470,398,120,360,70,410,0,0,0,10,0,20,0,30
DOWN,120,420,110,470,397,120,360,60,420,0,0,0,10,0,20,0,30
DOWN,120,430,110,470,396,120,360,50,430,0,0,0,10,0,20,0,30
DOWN,120,440,110,470,395,120,360,40,440,0,0,0,10,0,20,0,30
DOWN,120,450,110,470,394,120,360,30,450,0,0,0,10,0,20,0,30
LEFT,120,460,110,470,393,120,360,20,460,0,0,0,10,0,20,0,30
LEFT,110,460,110,470,392,110,370,20,460,-10,0,-10,10,0,0,-10,20
LEFT,100,460,110,470,391,100,380,20,460,-20,0,-20,10,-10,0,-20,20
LEFT,90,460,110,470,390,90,390,20,460,-30,0,-30,10,-10,0,-20,0
LEFT,80,460,110,470,389,80,400,20,460,-40,0,-40,10,-40,20,-20,0
LEFT,70,460,110,470,388,70,410,20,460,-50,0,-50,10,-50,20,-20,0
LEFT,60,460,110,470,387,60,420,20,460,-60,0,-60,10,-60,20,-60,30
DOWN,50,460,110,470,386,50,430,20,460,-70,0,-70,10,-70,20,-70,30
DOWN,50,470,110,470,385,50,430,10,470,-70,10,-70,20,-70,30,0,0
RIGHT,100,50,200,310,0,100,380,430,50,0,0,10,0,20,0,,
RIGHT,110,50,200,310,-1,110,370,430,50,0,0,10,0,20,0,,
RIGHT,120,50,200,310,-2,120,360,430,50,0,0,10,0,20,0,,
RIGHT,130,50,200,310,-3,130,350,430,50,0,0,10,0,20,0,,
RIGHT,140,50,200,310,-4,140,340,430,50,0,0,10,0,20,0,,
RIGHT,150,50,200,310,-5,150,330,430,50,0,0,10,0,20,0,,
RIGHT,160,50,200,310,-6,160,320,430,50,0,0,10,0,20,0,,
RIGHT,170,50,200,310,-7,170,310,430,50,0,0,10,0,20,0,,
RIGHT,180,50,200,310,-8,180,300,430,50,0,0,10,0,20,0,,
RIGHT,190,50,200,310,-9,190,290,430,50,0,0,10,0,20,0,,
RIGHT,200,50,200,310,-10,200,280,430,50,0,0,10,0,20,0,,
RIGHT,210,50,200,310,-11,210,270,430,50,0,0,10,0,20,0,,
RIGHT,220,50,200,310,-12,220,260,430,50,0,0,10,0,20,0,,
RIGHT,230,50,200,310,-13,230,250,430,50,0,0,10,0,20,0,,
RIGHT,240,50,200,310,-14,240,240,430,50,0,0,10,0,20,0,,
RIGHT,250,50,200,310,-15,250,230,430,50,0,0,10,0,20,0,,
RIGHT,260,50,200,310,-16,260,220,430,50,0,0,10,0,20,0,,
RIGHT,270,50,200,310,-17,270,210,430,50,0,0,10,0,20,0,,
RIGHT,280,50,200,310,-18,280,200,430,50,0,0,10,0,20,0,,
RIGHT,290,50,200,310,-19,290,190,430,50,0,0,10,0,20,0,,
RIGHT,300,50,200,310,-20,300,180,430,50,0,0,10,0,20,0,,
RIGHT,310,50,200,310,-21,310,170,430,50,0,0,10,0,20,0,,
RIGHT,320,50,200,310,-22,320,160,430,50,0,0,10,0,20,0,,
RIGHT,330,50,200,310,-23,330,150,430,50,0,0,10,0,20,0,,
RIGHT,340,50,200,310,-24,340,140,430,50,0,0,10,0,20,0,,
RIGHT,350,50,200,310,-25,350,130,430,50,0,0,10,0,20,0,,
RIGHT,360,50,200,310,-26,360,120,430,50,0,0,10,0,20,0,,
RIGHT,370,50,200,310,-27,370,110,430,50,0,0,10,0,20,0,,
RIGHT,380,50,200,310,-28,380,100,430,50,0,0,10,0,20,0,,
RIGHT,390,50,200,310,-29,390,90,430,50,0,0,10,0,20,0,,
RIGHT,400,50,200,310,-30,400,80,430,50,0,0,10,0,20,0,,
RIGHT,410,50,200,310,-31,410,70,430,50,0,0,10,0,20,0,,
RIGHT,420,50,200,310,-32,420,60,430,50,0,0,10,0,20,0,,
RIGHT,430,50,200,310,-33,430,50,430,50,0,0,10,0,20,0,,
RIGHT,440,50,200,310,-34,440,40,430,50,0,0,10,0,20,0,,
RIGHT,450,50,200,310,-35,450,30,430,50,0,0,10,0,20,0,,
RIGHT,460,50,200,310,-36,460,20,430,50,0,0,10,0,20,0,,
RIGHT,470,50,200,310,-37,470,10,430,50,0,0,10,0,20,0,,
RIGHT,100,50,150,290,0,100,380,430,50,0,0,10,0,20,0,,
RIGHT,110,50,150,290,-1,110,370,430,50,0,0,10,0,20,0,,
RIGHT,120,50,150,290,-2,120,360,430,50,0,0,10,0,20,0,,
RIGHT,130,50,150,290,-3,130,350,430,50,0,0,10,0,20,0,,
RIGHT,140,50,150,290,-4,140,340,430,50,0,0,10,0,20,0,,
RIGHT,150,50,150,290,-5,150,330,430,50,0,0,10,0,20,0,,
RIGHT,160,50,150,290,-6,160,320,430,50,0,0,10,0,20,0,,
RIGHT,170,50,150,290,-7,170,310,430,50,0,0,10,0,20,0,,
RIGHT,180,50,150,290,-8,180,300,430,50,0,0,10,0,20,0,,
RIGHT,190,50,150,290,-9,190,290,430,50,0,0,10,0,20,0,,
RIGHT,200,50,150,290,-10,200,280,430,50,0,0,10,0,20,0,,
RIGHT,210,50,150,290,-11,210,270,430,50,0,0,10,0,20,0,,
RIGHT,220,50,150,290,-12,220,260,430,50,0,0,10,0,20,0,,
RIGHT,230,50,150,290,-13,230,250,430,50,0,0,10,0,20,0,,
RIGHT,240,50,150,290,-14,240,240,430,50,0,0,10,0,20,0,,
RIGHT,250,50,150,290,-15,250,230,430,50,0,0,10,0,20,0,,
RIGHT,260,50,150,290,-16,260,220,430,50,0,0,10,0,20,0,,
DOWN,270,50,150,290,-17,270,210,430,50,0,0,10,0,20,0,,
DOWN,270,60,150,290,-18,270,210,420,60,0,0,0,10,10,10,,
LEFT,270,70,150,290,-19,270,210,410,70,0,0,0,10,0,20,,
LEFT,260,70,150,290,-20,260,220,410,70,-10,0,0,0,-10,10,,
LEFT,250,70,150,290,-21,250,230,410,70,-20,0,0,0,-10,0,,
LEFT,240,70,150,290,-22,240,240,410,70,-20,0,0,0,-10,0,,
LEFT,230,70,150,290,-23,230,250,410,70,-20,0,0,0,-10,0,,
LEFT,220,70,150,290,-24,220,260,410,70,-20,0,0,0,-10,0,,
LEFT,210,70,150,290,-25,210,270,410,70,-20,0,0,0,-10,0,,
LEFT,200,70,150,290,-26,200,280,410,70,-20,0,0,0,-10,0,,
LEFT,190,70,150,290,-27,190,290,410,70,-20,0,0,0,-10,0,,
LEFT,180,70,150,290,-28,180,300,410,70,-20,0,0,0,-10,0,,
LEFT,170,70,150,290,-29,170,310,410,70,-20,0,0,0,-10,0,,
LEFT,160,70,150,290,-30,160,320,410,70,-20,0,0,0,-10,0,,
LEFT,150,70,150,290,-31,150,330,410,70,-20,0,0,0,-10,0,,
DOWN,140,70,150,290,-32,140,340,410,70,-20,0,0,0,-10,0,,
DOWN,140,80,150,290,-33,140,340,400,80,0,0,-10,10,0,10,,
DOWN,140,90,150,290,-34,140,340,390,90,0,0,0,10,0,20,,
DOWN,140,100,150,290,-35,140,340,380,100,0,0,0,10,0,20,,
DOWN,140,110,150,290,-36,140,340,370,110,0,0,0,10,0,20,,
DOWN,140,120,150,290,-37,140,340,360,120,0,0,0,10,0,20,,
DOWN,140,130,150,290,-38,140,340,350,130,0,0,0,10,0,20,,
DOWN,140,140,150,290,-39,140,340,340,140,0,0,0,10,0,20,,
DOWN,140,150,150,290,-40,140,340,330,150,0,0,0,10,0,20,,
DOWN,140,160,150,290,-41,140,340,320,160,0,0,0,10,0,20,,
DOWN,140,170,150,290,-42,140,340,310,170,0,0,0,10,0,20,,
DOWN,140,180,150,290,-43,140,340,300,180,0,0,0,10,0,20,,
DOWN,140,190,150,290,-44,140,340,290,190,0,0,0,10,0,20,,
DOWN,140,200,150,290,-45,140,340,280,200,0,0,0,10,0,20,,
DOWN,140,210,150,290,-46,140,340,270,210,0,0,0,10,0,20,,
RIGHT,140,220,150,290,-47,140,340,260,220,0,0,0,10,0,20,,
DOWN,150,220,150,290,-48,150,330,260,220,0,0,10,0,10,10,,
DOWN,150,230,150,290,-49,150,330,250,230,0,0,0,10,10,10,,
DOWN,150,240,150,290,-50,150,330,240,240,0,0,0,10,0,20,,
DOWN,150,250,150,290,-51,150,330,230,250,0,0,0,10,0,20,,
DOWN,150,260,150,290,-52,150,330,220,260,0,0,0,10,0,20,,
DOWN,150,270,150,290,-53,150,330,210,270,0,0,0,10,0,20,,
DOWN,150,280,150,290,-54,150,330,200,280,0,0,0,10,0,20,,
DOWN,150,290,270,310,46,150,330,190,290,0,0,0,10,0,20,0,30
DOWN,150,300,270,310,45,150,330,180,300,0,0,0,10,0,20,0,30
DOWN,150,310,270,310,44,150,330,170,310,0,0,0,10,0,20,0,30
RIGHT,150,320,270,310,43,150,330,160,320,0,0,0,10,0,20,0,30
RIGHT,160,320,270,310,42,160,320,160,320,0,0,10,0,10,10,10,20
RIGHT,170,320,270,310,41,170,310,160,320,0,0,10,0,20,0,20,10
RIGHT,180,320,270,310,40,180,300,160,320,0,0,10,0,20,0,30,0
RIGHT,190,320,270,310,39,190,290,160,320,0,0,10,0,20,0,30,0
RIGHT,200,320,270,310,38,200,280,160,320,0,0,10,0,20,0,30,0
UP,210,320,270,310,37,210,270,160,320,0,0,10,0,20,0,30,0
RIGHT,210,310,270,310,36,210,270,170,310,0,-10,10,-10,0,0,20,-10
RIGHT,220,310,270,310,35,220,260,170,310,0,0,10,-10,10,0,20,-10
RIGHT,230,310,270,310,34,230,250,170,310,0,0,10,0,20,-10,20,0
RIGHT,240,310,270,310,33,240,240,170,310,0,0,10,0,20,0,30,0
RIGHT,250,310,270,310,32,250,230,170,310,0,0,10,0,20,0,30,0
RIGHT,260,310,270,310,31,260,220,170,310,0,0,10,0,20,0,30,0
RIGHT,270,310,20,20,131,270,210,170,310,0,0,10,0,20,0,30,0
RIGHT,280,310,20,20,130,280,200,170,310,0,0,10,0,20,0,30,0
RIGHT,290,310,20,20,129,290,190,170,310,0,0,10,0,20,0,30,0
RIGHT,300,310,20,20,128,300,180,170,310,0,0,10,0,20,0,30,0
UP,310,310,20,20,127,310,170,170,310,0,0,10,0,20,0,30,0
UP,310,300,20,20,126,310,170,180,300,0,-10,10,-10,0,0,20,-10
UP,310,290,20,20,125,310,170,190,290,0,-20,10,-20,0,-10,0,0
UP,310,280,20,20,124,310,170,200,280,0,-30,10,-30,0,-10,0,-20
UP,310,270,20,20,123,310,170,210,270,0,-40,0,0,0,-10,0,-20
UP,310,260,20,20,122,310,170,220,260,0,-40,0,0,0,-10,0,-20
UP,310,250,20,20,121,310,170,230,250,0,-40,0,0,0,-10,0,-20
LEFT,310,240,20,20,120,310,170,240,240,0,-40,0,0,0,-10,0,-20
LEFT,300,240,20,20,119,300,180,240,240,-10,-30,0,0,-10,0,-10,-10
LEFT,290,240,20,20,118,290,190,240,240,-20,-20,0,0,-10,0,-20,0
LEFT,280,240,20,20,117,280,200,240,240,-30,-10,0,0,-10,0,-20,0
LEFT,270,240,20,20,116,270,210,240,240,-40,0,0,0,-10,0,-20,0
LEFT,260,240,20,20,115,260,220,240,240,-40,0,0,0,-10,0,-20,0
LEFT,250,240,20,20,114,250,230,240,240,-40,0,0,0,-10,0,-20,0
LEFT,240,240,20,20,113,240,240,240,240,-40,0,0,0,-10,0,-20,0
LEFT,230,240,20,20,112,230,250,240,240,-40,0,0,0,-10,0,-20,0
LEFT,220,240,20,20,111,220,260,240,240,-40,0,0,0,-10,0,-20,0
LEFT,210,240,20,20,110,210,270,240,240,-40,0,0,0,-10,0,-20,0
LEFT,200,240,20,20,109,200,280,240,240,-40,0,0,0,-10,0,-20,0
LEFT,190,240,20,20,108,190,290,240,240,-40,0,0,0,-10,0,-20,0
LEFT,180,240,20,20,107,180,300,240,240,-40,0,0,0,-10,0,-20,0
LEFT,170,240,20,20,106,170,310,240,240,-40,0,0,0,-10,0,-20,0
LEFT,160,240,20,20,105,160,320,240,240,-40,0,0,0,-10,0,-20,0
LEFT,150,240,20,20,104,150,330,240,240,-40,0,0,0,-10,0,-20,0
LEFT,140,240,20,20,103,140,340,240,240,-40,0,0,0,-10,0,-20,0
UP,130,240,20,20,102,130,350,240,240,-40,0,0,0,-10,0,-20,0
UP,130,230,20,20,101,130,350,250,230,-30,-10,0,0,0,-10,-10,-10
LEFT,130,220,20,20,100,130,350,260,220,-20,-20,0,0,0,-10,0,-20
LEFT,120,220,20,20,99,120,360,260,220,-20,-20,0,0,-10,0,-10,-10
LEFT,110,220,20,20,98,110,370,260,220,-20,-20,0,0,-10,0,-20,0
UP,100,220,20,20,97,100,380,260,220,-30,-10,0,0,-10,0,-20,0
UP,100,210,20,20,96,100,380,270,210,-30,-10,0,0,0,-10,-10,-10
LEFT,100,200,20,20,95,100,380,280,200,-20,-20,0,0,0,-10,0,-20
LEFT,90,200,20,20,94,90,390,280,200,-20,-20,0,0,-10,0,-10,-10
LEFT,80,200,20,20,93,80,400,280,200,-20,-20,0,0,-10,0,-20,0
LEFT,70,200,20,20,92,70,410,280,200,-30,-10,0,0,-10,0,-20,0
UP,60,200,20,20,91,60,420,280,200,-40,0,0,0,-10,0,-20,0
LEFT,60,190,20,20,90,60,420,290,190,-30,-10,0,0,0,-10,-10,-10
LEFT,50,190,20,20,89,50,430,290,190,-30,-10,0,0,-10,0,-10,-10
LEFT,40,190,20,20,88,40,440,290,190,-30,-10,0,0,-10,0,-20,0
LEFT,30,190,20,20,87,30,450,290,190,-30,-10,0,0,-10,0,-20,0
UP,20,190,20,20,86,20,460,290,190,-40,0,0,0,-10,0,-20,0
UP,20,180,20,20,85,20,460,300,180,-30,-10,0,0,0,-10,-10,-10
UP,20,170,20,20,84,20,460,310,170,-20,-20,0,0,0,-10,0,-20
UP,20,160,20,20,83,20,460,320,160,-10,-30,0,0,0,-10,0,-20
UP,20,150,20,20,82,20,460,330,150,0,-40,0,0,0,-10,0,-20
UP,20,140,20,20,81,20,460,340,140,0,-40,0,0,0,-10,0,-20
UP,20,130,20,20,80,20,460,350,130,0,-40,0,0,0,-10,0,-20
UP,20,120,20,20,79,20,460,360,120,0,-40,0,0,0,-10,0,-20
UP,20,110,20,20,78,20,460,370,110,0,-40,0,0,0,-10,0,-20
UP,20,100,20,20,77,20,460,380,100,0,-40,0,0,0,-10,0,-20
UP,20,90,20,20,76,20,460,390,90,0,-40,0,0,0,-10,0,-20
UP,20,80,20,20,75,20,460,400,80,0,-40,0,0,0,-10,0,-20
UP,20,70,20,20,74,20,460,410,70,0,-40,0,0,0,-10,0,-20
UP,20,60,20,20,73,20,460,420,60,0,-40,0,0,0,-10,0,-20
UP,20,50,20,20,72,20,460,430,50,0,-40,0,0,0,-10,0,-20
UP,20,40,20,20,71,20,460,440,40,0,-40,0,0,0,-10,0,-20
UP,20,30,20,20,70,20,460,450,30,0,-40,0,0,0,-10,0,-20
UP,20,20,320,150,170,20,460,460,20,0,-50,0,0,0,-10,0,-20
UP,20,10,320,150,169,20,460,470,10,0,-50,0,0,0,-10,0,-20
UP,20,0,320,150,168,20,460,480,0,0,-50,0,0,0,-10,0,-20
RIGHT,100,50,130,320,0,100,380,430,50,0,0,10,0,20,0,,
RIGHT,110,50,130,320,-1,110,370,430,50,0,0,10,0,20,0,,
RIGHT,120,50,130,320,-2,120,360,430,50,0,0,10,0,20,0,,
RIGHT,130,50,130,320,-3,130,350,430,50,0,0,10,0,20,0,,
RIGHT,140,50,130,320,-4,140,340,430,50,0,0,10,0,20,0,,
RIGHT,150,50,130,320,-5,150,330,430,50,0,0,10,0,20,0,,
RIGHT,160,50,130,320,-6,160,320,430,50,0,0,10,0,20,0,,
RIGHT,170,50,130,320,-7,170,310,430,50,0,0,10,0,20,0,,
RIGHT,180,50,130,320,-8,180,300,430,50,0,0,10,0,20,0,,
DOWN,190,50,130,320,-9,190,290,430,50,0,0,10,0,20,0,,
DOWN,190,60,130,320,-10,190,290,420,60,0,0,0,10,10,10,,
DOWN,190,70,130,320,-11,190,290,410,70,0,0,0,10,0,20,,
LEFT,190,80,130,320,-12,190,290,400,80,0,0,0,10,0,20,,
LEFT,180,80,130,320,-13,180,300,400,80,-10,0,0,0,-10,10,,
LEFT,170,80,130,320,-14,170,310,400,80,-20,0,0,0,-10,0,,
LEFT,160,80,130,320,-15,160,320,400,80,-20,0,0,0,-10,0,,
LEFT,150,80,130,320,-16,150,330,400,80,-20,0,0,0,-10,0,,
LEFT,140,80,130,320,-17,140,340,400,80,-20,0,0,0,-10,0,,
LEFT,130,80,130,320,-18,130,350,400,80,-20,0,0,0,-10,0,,
LEFT,120,80,130,320,-19,120,360,400,80,-20,0,0,0,-10,0,,
LEFT,110,80,130,320,-20,110,370,400,80,-20,0,0,0,-10,0,,
LEFT,100,80,130,320,-21,100,380,400,80,-20,0,0,0,-10,0,,
LEFT,90,80,130,320,-22,90,390,400,80,-20,0,0,0,-10,0,,
LEFT,80,80,130,320,-23,80,400,400,80,-20,0,0,0,-10,0,,
LEFT,70,80,130,320,-24,70,410,400,80,-20,0,0,0,-10,0,,
LEFT,60,80,130,320,-25,60,420,400,80,-20,0,0,0,-10,0,,
LEFT,50,80,130,320,-26,50,430,400,80,-20,0,0,0,-10,0,,
LEFT,40,80,130,320,-27,40,440,400,80,-20,0,0,0,-10,0,,
LEFT,30,80,130,320,-28,30,450,400,80,-20,0,0,0,-10,0,,
LEFT,20,80,130,320,-29,20,460,400,80,-20,0,0,0,-10,0,,
LEFT,10,80,130,320,-30,10,470,400,80,-20,0,0,0,-10,0,,
LEFT,0,80,130,320,-31,0,480,400,80,-20,0,0,0,-10,0,,
RIGHT,100,50,190,290,0,100,380,430,50,"(100, 90, 50)","(400, 80, 50)","(100, 90, 50)","(400, 80, 50)","(100, 90, 50)","(400, 80, 50)",,
RIGHT,110,50,190,290,-1,110,370,430,50,"(100, 100, 50)","(400, 90, 50)","(100, 100, 50)","(400, 90, 50)","(100, 100, 50)","(400, 90, 50)",,
RIGHT,120,50,190,290,-2,120,360,430,50,"(100, 110, 50)","(400, 100, 50)","(100, 110, 50)","(400, 100, 50)","(100, 110, 50)","(400, 100, 50)",,
RIGHT,130,50,190,290,-3,130,350,430,50,"(100, 120, 50)","(400, 110, 50)","(100, 120, 50)","(400, 110, 50)","(100, 120, 50)","(400, 110, 50)",,
RIGHT,140,50,190,290,-4,140,340,430,50,"(100, 130, 50)","(400, 120, 50)","(100, 130, 50)","(400, 120, 50)","(100, 130, 50)","(400, 120, 50)",,
RIGHT,150,50,190,290,-5,150,330,430,50,"(100, 140, 50)","(400, 130, 50)","(100, 140, 50)","(400, 130, 50)","(100, 140, 50)","(400, 130, 50)",,
RIGHT,160,50,190,290,-6,160,320,430,50,"(100, 150, 50)","(400, 140, 50)","(100, 150, 50)","(400, 140, 50)","(100, 150, 50)","(400, 140, 50)",,
RIGHT,170,50,190,290,-7,170,310,430,50,"(100, 160, 50)","(400, 150, 50)","(100, 160, 50)","(400, 150, 50)","(100, 160, 50)","(400, 150, 50)",,
RIGHT,180,50,190,290,-8,180,300,430,50,"(100, 170, 50)","(400, 160, 50)","(100, 170, 50)","(400, 160, 50)","(100, 170, 50)","(400, 160, 50)",,
RIGHT,190,50,190,290,-9,190,290,430,50,"(100, 180, 50)","(400, 170, 50)","(100, 180, 50)","(400, 170, 50)","(100, 180, 50)","(400, 170, 50)",,
RIGHT,200,50,190,290,-10,200,280,430,50,"(100, 190, 50)","(400, 180, 50)","(100, 190, 50)","(400, 180, 50)","(100, 190, 50)","(400, 180, 50)",,
RIGHT,210,50,190,290,-11,210,270,430,50,"(100, 200, 50)","(400, 190, 50)","(100, 200, 50)","(400, 190, 50)","(100, 200, 50)","(400, 190, 50)",,
RIGHT,220,50,190,290,-12,220,260,430,50,"(100, 210, 50)","(400, 200, 50)","(100, 210, 50)","(400, 200, 50)","(100, 210, 50)","(400, 200, 50)",,
RIGHT,230,50,190,290,-13,230,250,430,50,"(100, 220, 50)","(400, 210, 50)","(100, 220, 50)","(400, 210, 50)","(100, 220, 50)","(400, 210, 50)",,
DOWN,240,50,190,290,-14,240,240,430,50,"(100, 230, 50)","(400, 220, 50)","(100, 230, 50)","(400, 220, 50)","(100, 230, 50)","(400, 220, 50)",,
DOWN,240,60,190,290,-15,240,240,420,60,"(100, 240, 50)","(200, 230, 50)","(100, 240, 50)","(200, 230, 50)","(100, 240, 50)","(200, 230, 50)",,
LEFT,240,70,190,290,-16,240,240,410,70,"(100, 240, 60)","(400, 240, 50)","(100, 240, 60)","(400, 240, 50)","(100, 240, 60)","(400, 240, 50)",,
LEFT,230,70,190,290,-17,230,250,410,70,"(100, 240, 70)","(200, 240, 60)","(100, 240, 70)","(200, 240, 60)","(100, 240, 70)","(200, 240, 60)",,
DOWN,220,70,190,290,-18,220,260,410,70,"(100, 230, 70)","(400, 240, 70)","(100, 230, 70)","(400, 240, 70)","(100, 230, 70)","(400, 240, 70)",,
DOWN,220,80,190,290,-19,220,260,400,80,"(100, 220, 70)","(200, 230, 70)","(100, 220, 70)","(200, 230, 70)","(100, 220, 70)","(200, 230, 70)",,
DOWN,220,90,190,290,-20,220,260,390,90,"(100, 220, 80)","(400, 220, 70)","(100, 220, 80)","(400, 220, 70)","(100, 220, 80)","(400, 220, 70)",,
DOWN,220,100,190,290,-21,220,260,380,100,"(100, 220, 90)","(400, 220, 80)","(100, 220, 90)","(400, 220, 80)","(100, 220, 90)","(400, 220, 80)",,
DOWN,220,110,190,290,-22,220,260,370,110,"(100, 220, 100)","(400, 220, 90)","(100, 220, 100)","(400, 220, 90)","(100, 220, 100)","(400, 220, 90)",,
DOWN,220,120,190,290,-23,220,260,360,120,"(100, 220, 110)","(400, 220, 100)","(100, 220, 110)","(400, 220, 100)","(100, 220, 110)","(400, 220, 100)",,
DOWN,220,130,190,290,-24,220,260,350,130,"(100, 220, 120)","(400, 220, 110)","(100, 220, 120)","(400, 220, 110)","(100, 220, 120)","(400, 220, 110)",,
LEFT,220,140,190,290,-25,220,260,340,140,"(100, 220, 130)","(400, 220, 120)","(100, 220, 130)","(400, 220, 120)","(100, 220, 130)","(400, 220, 120)",,
LEFT,210,140,190,290,-26,210,270,340,140,"(100, 220, 140)","(200, 220, 130)","(100, 220, 140)","(200, 220, 130)","(100, 220, 140)","(200, 220, 130)",,
LEFT,200,140,190,290,-27,200,280,340,140,"(100, 210, 140)","(400, 220, 140)","(100, 210, 140)","(400, 220, 140)","(100, 210, 140)","(400, 220, 140)",,
DOWN,190,140,190,290,-28,190,290,340,140,"(100, 200, 140)","(400, 210, 140)","(100, 200, 140)","(400, 210, 140)","(100, 200, 140)","(400, 210, 140)",,
DOWN,190,150,190,290,-29,190,290,330,150,"(100, 190, 140)","(200, 200, 140)","(100, 190, 140)","(200, 200, 140)","(100, 190, 140)","(200, 200, 140)",,
DOWN,190,160,190,290,-30,190,290,320,160,"(100, 190, 150)","(400, 190, 140)","(100, 190, 150)","(400, 190, 140)","(100, 190, 150)","(400, 190, 140)",,
DOWN,190,170,190,290,-31,190,290,310,170,"(100, 190, 160)","(400, 190, 150)","(100, 190, 160)","(400, 190, 150)","(100, 190, 160)","(400, 190, 150)",,
DOWN,190,180,190,290,-32,190,290,300,180,"(100, 190, 170)","(400, 190, 160)","(100, 190, 170)","(400, 190, 160)","(100, 190, 170)","(400, 190, 160)",,
DOWN,190,190,190,290,-33,190,290,290,190,"(100, 190, 180)","(400, 190, 170)","(100, 190, 180)","(400, 190, 170)","(100, 190, 180)","(400, 190, 170)",,
DOWN,190,200,190,290,-34,190,290,280,200,"(100, 190, 190)","(400, 190, 180)","(100, 190, 190)","(400, 190, 180)","(100, 190, 190)","(400, 190, 180)",,
DOWN,190,210,190,290,-35,190,290,270,210,"(100, 190, 200)","(400, 190, 190)","(100, 190, 200)","(400, 190, 190)","(100, 190, 200)","(400, 190, 190)",,
DOWN,190,220,190,290,-36,190,290,260,220,"(100, 190, 210)","(400, 190, 200)","(100, 190, 210)","(400, 190, 200)","(100, 190, 210)","(400, 190, 200)",,
DOWN,190,230,190,290,-37,190,290,250,230,"(100, 190, 220)","(400, 190, 210)","(100, 190, 220)","(400, 190, 210)","(100, 190, 220)","(400, 190, 210)",,
DOWN,190,240,190,290,-38,190,290,240,240,"(100, 190, 230)","(400, 190, 220)","(100, 190, 230)","(400, 190, 220)","(100, 190, 230)","(400, 190, 220)",,
DOWN,190,250,190,290,-39,190,290,230,250,"(100, 190, 240)","(400, 190, 230)","(100, 190, 240)","(400, 190, 230)","(100, 190, 240)","(400, 190, 230)",,
DOWN,190,260,190,290,-40,190,290,220,260,"(100, 190, 250)","(400, 190, 240)","(100, 190, 250)","(400, 190, 240)","(100, 190, 250)","(400, 190, 240)",,
DOWN,190,270,190,290,-41,190,290,210,270,"(100, 190, 260)","(400, 190, 250)","(100, 190, 260)","(400, 190, 250)","(100, 190, 260)","(400, 190, 250)",,
DOWN,190,280,190,290,-42,190,290,200,280,"(100, 190, 270)","(400, 190, 260)","(100, 190, 270)","(400, 190, 260)","(100, 190, 270)","(400, 190, 260)",,
DOWN,190,290,380,150,58,190,290,190,290,"(100, 190, 280)","(400, 190, 270)","(100, 190, 280)","(400, 190, 270)","(100, 190, 280)","(400, 190, 270)","(100, 190, 280)","(400, 190, 270)"
DOWN,190,300,380,150,57,190,290,180,300,"(100, 190, 290)","(400, 190, 280)","(100, 190, 290)","(400, 190, 280)","(100, 190, 290)","(400, 190, 280)","(100, 190, 290)","(400, 190, 280)"
DOWN,190,310,380,150,56,190,290,170,310,"(100, 190, 300)","(400, 190, 290)","(100, 190, 300)","(400, 190, 290)","(100, 190, 300)","(400, 190, 290)","(100, 190, 300)","(400, 190, 290)"
DOWN,190,320,380,150,55,190,290,160,320,"(100, 190, 310)","(400, 190, 300)","(100, 190, 310)","(400, 190, 300)","(100, 190, 310)","(400, 190, 300)","(100, 190, 310)","(400, 190, 300)"
DOWN,190,330,380,150,54,190,290,150,330,"(100, 190, 320)","(400, 190, 310)","(100, 190, 320)","(400, 190, 310)","(100, 190, 320)","(400, 190, 310)","(100, 190, 320)","(400, 190, 310)"
RIGHT,190,340,380,150,53,190,290,140,340,"(100, 190, 330)","(400, 190, 320)","(100, 190, 330)","(400, 190, 320)","(100, 190, 330)","(400, 190, 320)","(100, 190, 330)","(400, 190, 320)"
RIGHT,200,340,380,150,52,200,280,140,340,"(100, 190, 340)","(200, 190, 330)","(100, 190, 340)","(200, 190, 330)","(100, 190, 340)","(200, 190, 330)","(100, 190, 340)","(200, 190, 330)"
RIGHT,210,340,380,150,51,210,270,140,340,"(100, 200, 340)","(400, 190, 340)","(100, 200, 340)","(400, 190, 340)","(100, 200, 340)","(400, 190, 340)","(100, 200, 340)","(400, 190, 340)"
UP,220,340,380,150,50,220,260,140,340,"(100, 210, 340)","(400, 200, 340)","(100, 210, 340)","(400, 200, 340)","(100, 210, 340)","(400, 200, 340)","(100, 210, 340)","(400, 200, 340)"
UP,220,330,380,150,49,220,260,150,330,"(100, 220, 340)","(200, 210, 340)","(100, 220, 340)","(200, 210, 340)","(100, 220, 340)","(200, 210, 340)","(100, 220, 340)","(200, 210, 340)"
UP,220,320,380,150,48,220,260,160,320,"(100, 220, 330)","(400, 220, 340)","(100, 220, 330)","(400, 220, 340)","(100, 220, 330)","(400, 220, 340)","(100, 220, 330)","(400, 220, 340)"
UP,220,310,380,150,47,220,260,170,310,"(100, 220, 320)","(400, 220, 330)","(100, 220, 320)","(400, 220, 330)","(100, 220, 320)","(400, 220, 330)","(100, 220, 320)","(400, 220, 330)"
UP,220,300,380,150,46,220,260,180,300,"(100, 220, 310)","(400, 220, 320)","(100, 220, 310)","(400, 220, 320)","(100, 220, 310)","(400, 220, 320)","(100, 220, 310)","(400, 220, 320)"
UP,220,290,380,150,45,220,260,190,290,"(100, 220, 300)","(400, 220, 310)","(100, 220, 300)","(400, 220, 310)","(100, 220, 300)","(400, 220, 310)","(100, 220, 300)","(400, 220, 310)"
UP,220,280,380,150,44,220,260,200,280,"(100, 220, 290)","(400, 220, 300)","(100, 220, 290)","(400, 220, 300)","(100, 220, 290)","(400, 220, 300)","(100, 220, 290)","(400, 220, 300)"
RIGHT,220,270,380,150,43,220,260,210,270,"(100, 220, 280)","(400, 220, 290)","(100, 220, 280)","(400, 220, 290)","(100, 220, 280)","(400, 220, 290)","(100, 220, 280)","(400, 220, 290)"
RIGHT,230,270,380,150,42,230,250,210,270,"(100, 220, 270)","(200, 220, 280)","(100, 220, 270)","(200, 220, 280)","(100, 220, 270)","(200, 220, 280)","(100, 220, 270)","(200, 220, 280)"
RIGHT,240,270,380,150,41,240,240,210,270,"(100, 230, 270)","(400, 220, 270)","(100, 230, 270)","(400, 220, 270)","(100, 230, 270)","(400, 220, 270)","(100, 230, 270)","(400, 220, 270)"
RIGHT,250,270,380,150,40,250,230,210,270,"(100, 240, 270)","(400, 230, 270)","(100, 240, 270)","(400, 230, 270)","(100, 240, 270)","(400, 230, 270)","(100, 240, 270)","(400, 230, 270)"
UP,260,270,380,150,39,260,220,210,270,"(100, 250, 270)","(400, 240, 270)","(100, 250, 270)","(400, 240, 270)","(100, 250, 270)","(400, 240, 270)","(100, 250, 270)","(400, 240, 270)"
UP,260,260,380,150,38,260,220,220,260,"(100, 260, 270)","(200, 250, 270)","(100, 260, 270)","(200, 250, 270)","(100, 260, 270)","(200, 250, 270)","(100, 260, 270)","(200, 250, 270)"
UP,260,250,380,150,37,260,220,230,250,"(100, 260, 260)","(400, 260, 270)","(100, 260, 260)","(400, 260, 270)","(100, 260, 260)","(400, 260, 270)","(100, 260, 260)","(400, 260, 270)"
UP,260,240,380,150,36,260,220,240,240,"(100, 260, 250)","(400, 260, 260)","(100, 260, 250)","(400, 260, 260)","(100, 260, 250)","(400, 260, 260)","(100, 260, 250)","(400, 260, 260)"
UP,260,230,380,150,35,260,220,250,230,"(100, 260, 240)","(400, 260, 250)","(100, 260, 240)","(400, 260, 250)","(100, 260, 240)","(400, 260, 250)","(100, 260, 240)","(400, 260, 250)"
RIGHT,260,220,380,150,34,260,220,260,220,"(100, 260, 230)","(400, 260, 240)","(100, 260, 230)","(400, 260, 240)","(100, 260, 230)","(400, 260, 240)","(100, 260, 230)","(400, 260, 240)"
RIGHT,270,220,380,150,33,270,210,260,220,"(100, 260, 220)","(200, 260, 230)","(100, 260, 220)","(200, 260, 230)","(100, 260, 220)","(200, 260, 230)","(100, 260, 220)","(200, 260, 230)"
RIGHT,280,220,380,150,32,280,200,260,220,"(100, 270, 220)","(400, 260, 220)","(100, 270, 220)","(400, 260, 220)","(100, 270, 220)","(400, 260, 220)","(100, 270, 220)","(400, 260, 220)"
UP,290,220,380,150,31,290,190,260,220,"(100, 280, 220)","(400, 270, 220)","(100, 280, 220)","(400, 270, 220)","(100, 280, 220)","(400, 270, 220)","(100, 280, 220)","(400, 270, 220)"
UP,290,210,380,150,30,290,190,270,210,"(100, 290, 220)","(200, 280, 220)","(100, 290, 220)","(200, 280, 220)","(100, 290, 220)","(200, 280, 220)","(100, 290, 220)","(200, 280, 220)"
UP,290,200,380,150,29,290,190,280,200,"(100, 290, 210)","(400, 290, 220)","(100, 290, 210)","(400, 290, 220)","(100, 290, 210)","(400, 290, 220)","(100, 290, 210)","(400, 290, 220)"
UP,290,190,380,150,28,290,190,290,190,"(100, 290, 200)","(400, 290, 210)","(100, 290, 200)","(400, 290, 210)","(100, 290, 200)","(400, 290, 210)","(100, 290, 200)","(400, 290, 210)"
UP,290,180,380,150,27,290,190,300,180,"(100, 290, 190)","(400, 290, 200)","(100, 290, 190)","(400, 290, 200)","(100, 290, 190)","(400, 290, 200)","(100, 290, 190)","(400, 290, 200)"
UP,290,170,380,150,26,290,190,310,170,"(100, 290, 180)","(400, 290, 190)","(100, 290, 180)","(400, 290, 190)","(100, 290, 180)","(400, 290, 190)","(100, 290, 180)","(400, 290, 190)"
RIGHT,290,160,380,150,25,290,190,320,160,"(100, 290, 170)","(400, 290, 180)","(100, 290, 170)","(400, 290, 180)","(100, 290, 170)","(400, 290, 180)","(100, 290, 170)","(400, 290, 180)"
RIGHT,300,160,380,150,24,300,180,320,160,"(100, 290, 160)","(200, 290, 170)","(100, 290, 160)","(200, 290, 170)","(100, 290, 160)","(200, 290, 170)","(100, 290, 160)","(200, 290, 170)"
RIGHT,310,160,380,150,23,310,170,320,160,"(100, 300, 160)","(400, 290, 160)","(100, 300, 160)","(400, 290, 160)","(100, 300, 160)","(400, 290, 160)","(100, 300, 160)","(400, 290, 160)"
RIGHT,320,160,380,150,22,320,160,320,160,"(100, 310, 160)","(400, 300, 160)","(100, 310, 160)","(400, 300, 160)","(100, 310, 160)","(400, 300, 160)","(100, 310, 160)","(400, 300, 160)"
RIGHT,330,160,380,150,21,330,150,320,160,"(100, 320, 160)","(400, 310, 160)","(100, 320, 160)","(400, 310, 160)","(100, 320, 160)","(400, 310, 160)","(100, 320, 160)","(400, 310, 160)"
RIGHT,340,160,380,150,20,340,140,320,160,"(100, 330, 160)","(400, 320, 160)","(100, 330, 160)","(400, 320, 160)","(100, 330, 160)","(400, 320, 160)","(100, 330, 160)","(400, 320, 160)"
RIGHT,350,160,380,150,19,350,130,320,160,"(100, 340, 160)","(400, 330, 160)","(100, 340, 160)","(400, 330, 160)","(100, 340, 160)","(400, 330, 160)","(100, 340, 160)","(400, 330, 160)"
UP,360,160,380,150,18,360,120,320,160,"(100, 350, 160)","(400, 340, 160)","(100, 350, 160)","(400, 340, 160)","(100, 350, 160)","(400, 340, 160)","(100, 350, 160)","(400, 340, 160)"
RIGHT,360,150,380,150,17,360,120,330,150,"(100, 360, 160)","(200, 350, 160)","(100, 360, 160)","(200, 350, 160)","(100, 360, 160)","(200, 350, 160)","(100, 360, 160)","(200, 350, 160)"
RIGHT,370,150,380,150,16,370,110,330,150,"(100, 360, 150)","(200, 360, 160)","(100, 360, 150)","(200, 360, 160)","(100, 360, 150)","(200, 360, 160)","(100, 360, 150)","(200, 360, 160)"
RIGHT,380,150,120,80,116,380,100,330,150,"(100, 370, 150)","(400, 360, 150)","(100, 370, 150)","(400, 360, 150)","(100, 370, 150)","(400, 360, 150)","(100, 370, 150)","(400, 360, 150)"
RIGHT,390,150,120,80,115,390,90,330,150,"(100, 380, 150)","(400, 370, 150)","(100, 380, 150)","(400, 370, 150)","(100, 380, 150)","(400, 370, 150)","(100, 380, 150)","(400, 370, 150)"
RIGHT,400,150,120,80,114,400,80,330,150,"(100, 390, 150)","(400, 380, 150)","(100, 390, 150)","(400, 380, 150)","(100, 390, 150)","(400, 380, 150)","(100, 390, 150)","(400, 380, 150)"
RIGHT,410,150,120,80,113,410,70,330,150,"(100, 400, 150)","(400, 390, 150)","(100, 400, 150)","(400, 390, 150)","(100, 400, 150)","(400, 390, 150)","(100, 400, 150)","(400, 390, 150)"
RIGHT,420,150,120,80,112,420,60,330,150,"(100, 410, 150)","(400, 400, 150)","(100, 410, 150)","(400, 400, 150)","(100, 410, 150)","(400, 400, 150)","(100, 410, 150)","(400, 400, 150)"
RIGHT,430,150,120,80,111,430,50,330,150,"(100, 420, 150)","(400, 410, 150)","(100, 420, 150)","(400, 410, 150)","(100, 420, 150)","(400, 410, 150)","(100, 420, 150)","(400, 410, 150)"
RIGHT,440,150,120,80,110,440,40,330,150,"(100, 430, 150)","(400, 420, 150)","(100, 430, 150)","(400, 420, 150)","(100, 430, 150)","(400, 420, 150)","(100, 430, 150)","(400, 420, 150)"
RIGHT,450,150,120,80,109,450,30,330,150,"(100, 440, 150)","(400, 430, 150)","(100, 440, 150)","(400, 430, 150)","(100, 440, 150)","(400, 430, 150)","(100, 440, 150)","(400, 430, 150)"
RIGHT,460,150,120,80,108,460,20,330,150,"(100, 450, 150)","(400, 440, 150)","(100, 450, 150)","(400, 440, 150)","(100, 450, 150)","(400, 440, 150)","(100, 450, 150)","(400, 440, 150)"
RIGHT,470,150,120,80,107,470,10,330,150,"(100, 460, 150)","(400, 450, 150)","(100, 460, 150)","(400, 450, 150)","(100, 460, 150)","(400, 450, 150)","(100, 460, 150)","(400, 450, 150)"
RIGHT,100,50,420,430,0,100,380,430,50,"(100, 90, 50)","(400, 80, 50)","(100, 90, 50)","(400, 80, 50)","(100, 90, 50)","(400, 80, 50)",,
RIGHT,110,50,420,430,-1,110,370,430,50,"(100, 100, 50)","(400, 90, 50)","(100, 100, 50)","(400, 90, 50)","(100, 100, 50)","(400, 90, 50)",,
RIGHT,120,50,420,430,-2,120,360,430,50,"(100, 110, 50)","(400, 100, 50)","(100, 110, 50)","(400, 100, 50)","(100, 110, 50)","(400, 100, 50)",,
RIGHT,130,50,420,430,-3,130,350,430,50,"(100, 120, 50)","(400, 110, 50)","(100, 120, 50)","(400, 110, 50)","(100, 120, 50)","(400, 110, 50)",,
RIGHT,140,50,420,430,-4,140,340,430,50,"(100, 130, 50)","(400, 120, 50)","(100, 130, 50)","(400, 120, 50)","(100, 130, 50)","(400, 120, 50)",,
RIGHT,150,50,420,430,-5,150,330,430,50,"(100, 140, 50)","(400, 130, 50)","(100, 140, 50)","(400, 130, 50)","(100, 140, 50)","(400, 130, 50)",,
RIGHT,160,50,420,430,-6,160,320,430,50,"(100, 150, 50)","(400, 140, 50)","(100, 150, 50)","(400, 140, 50)","(100, 150, 50)","(400, 140, 50)",,
RIGHT,170,50,420,430,-7,170,310,430,50,"(100, 160, 50)","(400, 150, 50)","(100, 160, 50)","(400, 150, 50)","(100, 160, 50)","(400, 150, 50)",,
RIGHT,180,50,420,430,-8,180,300,430,50,"(100, 170, 50)","(400, 160, 50)","(100, 170, 50)","(400, 160, 50)","(100, 170, 50)","(400, 160, 50)",,
RIGHT,190,50,420,430,-9,190,290,430,50,"(100, 180, 50)","(400, 170, 50)","(100, 180, 50)","(400, 170, 50)","(100, 180, 50)","(400, 170, 50)",,
RIGHT,200,50,420,430,-10,200,280,430,50,"(100, 190, 50)","(400, 180, 50)","(100, 190, 50)","(400, 180, 50)","(100, 190, 50)","(400, 180, 50)",,
DOWN,210,50,420,430,-11,210,270,430,50,"(100, 200, 50)","(400, 190, 50)","(100, 200, 50)","(400, 190, 50)","(100, 200, 50)","(400, 190, 50)",,
DOWN,210,60,420,430,-12,210,270,420,60,"(100, 210, 50)","(200, 200, 50)","(100, 210, 50)","(200, 200, 50)","(100, 210, 50)","(200, 200, 50)",,
RIGHT,210,70,420,430,-13,210,270,410,70,"(100, 210, 60)","(400, 210, 50)","(100, 210, 60)","(400, 210, 50)","(100, 210, 60)","(400, 210, 50)",,
RIGHT,220,70,420,430,-14,220,260,410,70,"(100, 210, 70)","(200, 210, 60)","(100, 210, 70)","(200, 210, 60)","(100, 210, 70)","(200, 210, 60)",,
RIGHT,230,70,420,430,-15,230,250,410,70,"(100, 220, 70)","(400, 210, 70)","(100, 220, 70)","(400, 210, 70)","(100, 220, 70)","(400, 210, 70)",,
DOWN,240,70,420,430,-16,240,240,410,70,"(100, 230, 70)","(400, 220, 70)","(100, 230, 70)","(400, 220, 70)","(100, 230, 70)","(400, 220, 70)",,
DOWN,240,80,420,430,-17,240,240,400,80,"(100, 240, 70)","(200, 230, 70)","(100, 240, 70)","(200, 230, 70)","(100, 240, 70)","(200, 230, 70)",,
DOWN,240,90,420,430,-18,240,240,390,90,"(100, 240, 80)","(400, 240, 70)","(100, 240, 80)","(400, 240, 70)","(100, 240, 80)","(400, 240, 70)",,
RIGHT,240,100,420,430,-19,240,240,380,100,"(100, 240, 90)","(400, 240, 80)","(100, 240, 90)","(400, 240, 80)","(100, 240, 90)","(400, 240, 80)",,
RIGHT,250,100,420,430,-20,250,230,380,100,"(100, 240, 100)","(200, 240, 90)","(100, 240, 100)","(200, 240, 90)","(100, 240, 100)","(200, 240, 90)",,
RIGHT,260,100,420,430,-21,260,220,380,100,"(100, 250, 100)","(400, 240, 100)","(100, 250, 100)","(400, 240, 100)","(100, 250, 100)","(400, 240, 100)",,
DOWN,270,100,420,430,-22,270,210,380,100,"(100, 260, 100)","(400, 250, 100)","(100, 260, 100)","(400, 250, 100)","(100, 260, 100)","(400, 250, 100)",,
DOWN,270,110,420,430,-23,270,210,370,110,"(100, 270, 100)","(200, 260, 100)","(100, 270, 100)","(200, 260, 100)","(100, 270, 100)","(200, 260, 100)",,
DOWN,270,120,420,430,-24,270,210,360,120,"(100, 270, 110)","(400, 270, 100)","(100, 270, 110)","(400, 270, 100)","(100, 270, 110)","(400, 270, 100)",,
DOWN,270,130,420,430,-25,270,210,350,130,"(100, 270, 120)","(400, 270, 110)","(100, 270, 120)","(400, 270, 110)","(100, 270, 120)","(400, 270, 110)",,
DOWN,270,140,420,430,-26,270,210,340,140,"(100, 270, 130)","(400, 270, 120)","(100, 270, 130)","(400, 270, 120)","(100, 270, 130)","(400, 270, 120)",,
DOWN,270,150,420,430,-27,270,210,330,150,"(100, 270, 140)","(400, 270, 130)","(100, 270, 140)","(400, 270, 130)","(100, 270, 140)","(400, 270, 130)",,
DOWN,270,160,420,430,-28,270,210,320,160,"(100, 270, 150)","(400, 270, 140)","(100, 270, 150)","(400, 270, 140)","(100, 270, 150)","(400, 270, 140)",,
DOWN,270,170,420,430,-29,270,210,310,170,"(100, 270, 160)","(400, 270, 150)","(100, 270, 160)","(400, 270, 150)","(100, 270, 160)","(400, 270, 150)",,
DOWN,270,180,420,430,-30,270,210,300,180,"(100, 270, 170)","(400, 270, 160)","(100, 270, 170)","(400, 270, 160)","(100, 270, 170)","(400, 270, 160)",,
RIGHT,270,190,420,430,-31,270,210,290,190,"(100, 270, 180)","(400, 270, 170)","(100, 270, 180)","(400, 270, 170)","(100, 270, 180)","(400, 270, 170)",,
RIGHT,280,190,420,430,-32,280,200,290,190,"(100, 270, 190)","(200, 270, 180)","(100, 270, 190)","(200, 270, 180)","(100, 270, 190)","(200, 270, 180)",,
RIGHT,290,190,420,430,-33,290,190,290,190,"(100, 280, 190)","(400, 270, 190)","(100, 280, 190)","(400, 270, 190)","(100, 280, 190)","(400, 270, 190)",,
RIGHT,300,190,420,430,-34,300,180,290,190,"(100, 290, 190)","(400, 280, 190)","(100, 290, 190)","(400, 280, 190)","(100, 290, 190)","(400, 280, 190)",,
RIGHT,310,190,420,430,-35,310,170,290,190,"(100, 300, 190)","(400, 290, 190)","(100, 300, 190)","(400, 290, 190)","(100, 300, 190)","(400, 290, 190)",,
RIGHT,320,190,420,430,-36,320,160,290,190,"(100, 310, 190)","(400, 300, 190)","(100, 310, 190)","(400, 300, 190)","(100, 310, 190)","(400, 300, 190)",,
RIGHT,330,190,420,430,-37,330,150,290,190,"(100, 320, 190)","(400, 310, 190)","(100, 320, 190)","(400, 310, 190)","(100, 320, 190)","(400, 310, 190)",,
RIGHT,340,190,420,430,-38,340,140,290,190,"(100, 330, 190)","(400, 320, 190)","(100, 330, 190)","(400, 320, 190)","(100, 330, 190)","(400, 320, 190)",,
RIGHT,350,190,420,430,-39,350,130,290,190,"(100, 340, 190)","(400, 330, 190)","(100, 340, 190)","(400, 330, 190)","(100, 340, 190)","(400, 330, 190)",,
RIGHT,360,190,420,430,-40,360,120,290,190,"(100, 350, 190)","(400, 340, 190)","(100, 350, 190)","(400, 340, 190)","(100, 350, 190)","(400, 340, 190)",,
RIGHT,370,190,420,430,-41,370,110,290,190,"(100, 360, 190)","(400, 350, 190)","(100, 360, 190)","(400, 350, 190)","(100, 360, 190)","(400, 350, 190)",,
RIGHT,380,190,420,430,-42,380,100,290,190,"(100, 370, 190)","(400, 360, 190)","(100, 370, 190)","(400, 360, 190)","(100, 370, 190)","(400, 360, 190)",,
RIGHT,390,190,420,430,-43,390,90,290,190,"(100, 380, 190)","(400, 370, 190)","(100, 380, 190)","(400, 370, 190)","(100, 380, 190)","(400, 370, 190)",,
RIGHT,400,190,420,430,-44,400,80,290,190,"(100, 390, 190)","(400, 380, 190)","(100, 390, 190)","(400, 380, 190)","(100, 390, 190)","(400, 380, 190)",,
DOWN,410,190,420,430,-45,410,70,290,190,"(100, 400, 190)","(400, 390, 190)","(100, 400, 190)","(400, 390, 190)","(100, 400, 190)","(400, 390, 190)",,
DOWN,410,200,420,430,-46,410,70,280,200,"(100, 410, 190)","(200, 400, 190)","(100, 410, 190)","(200, 400, 190)","(100, 410, 190)","(200, 400, 190)",,
DOWN,410,210,420,430,-47,410,70,270,210,"(100, 410, 200)","(400, 410, 190)","(100, 410, 200)","(400, 410, 190)","(100, 410, 200)","(400, 410, 190)",,
DOWN,410,220,420,430,-48,410,70,260,220,"(100, 410, 210)","(400, 410, 200)","(100, 410, 210)","(400, 410, 200)","(100, 410, 210)","(400, 410, 200)",,
DOWN,410,230,420,430,-49,410,70,250,230,"(100, 410, 220)","(400, 410, 210)","(100, 410, 220)","(400, 410, 210)","(100, 410, 220)","(400, 410, 210)",,
DOWN,410,240,420,430,-50,410,70,240,240,"(100, 410, 230)","(400, 410, 220)","(100, 410, 230)","(400, 410, 220)","(100, 410, 230)","(400, 410, 220)",,
DOWN,410,250,420,430,-51,410,70,230,250,"(100, 410, 240)","(400, 410, 230)","(100, 410, 240)","(400, 410, 230)","(100, 410, 240)","(400, 410, 230)",,
DOWN,410,260,420,430,-52,410,70,220,260,"(100, 410, 250)","(400, 410, 240)","(100, 410, 250)","(400, 410, 240)","(100, 410, 250)","(400, 410, 240)",,
DOWN,410,270,420,430,-53,410,70,210,270,"(100, 410, 260)","(400, 410, 250)","(100, 410, 260)","(400, 410, 250)","(100, 410, 260)","(400, 410, 250)",,
DOWN,410,280,420,430,-54,410,70,200,280,"(100, 410, 270)","(400, 410, 260)","(100, 410, 270)","(400, 410, 260)","(100, 410, 270)","(400, 410, 260)",,
DOWN,410,290,420,430,-55,410,70,190,290,"(100, 410, 280)","(400, 410, 270)","(100, 410, 280)","(400, 410, 270)","(100, 410, 280)","(400, 410, 270)",,
DOWN,410,300,420,430,-56,410,70,180,300,"(100, 410, 290)","(400, 410, 280)","(100, 410, 290)","(400, 410, 280)","(100, 410, 290)","(400, 410, 280)",,
DOWN,410,310,420,430,-57,410,70,170,310,"(100, 410, 300)","(400, 410, 290)","(100, 410, 300)","(400, 410, 290)","(100, 410, 300)","(400, 410, 290)",,
DOWN,410,320,420,430,-58,410,70,160,320,"(100, 410, 310)","(400, 410, 300)","(100, 410, 310)","(400, 410, 300)","(100, 410, 310)","(400, 410, 300)",,
RIGHT,410,330,420,430,-59,410,70,150,330,"(100, 410, 320)","(400, 410, 310)","(100, 410, 320)","(400, 410, 310)","(100, 410, 320)","(400, 410, 310)",,
RIGHT,420,330,420,430,-60,420,60,150,330,"(100, 410, 330)","(200, 410, 320)","(100, 410, 330)","(200, 410, 320)","(100, 410, 330)","(200, 410, 320)",,
DOWN,430,330,420,430,-61,430,50,150,330,"(100, 420, 330)","(400, 410, 330)","(100, 420, 330)","(400, 410, 330)","(100, 420, 330)","(400, 410, 330)",,
DOWN,430,340,420,430,-62,430,50,140,340,"(100, 430, 330)","(200, 420, 330)","(100, 430, 330)","(200, 420, 330)","(100, 430, 330)","(200, 420, 330)",,
DOWN,430,350,420,430,-63,430,50,130,350,"(100, 430, 340)","(400, 430, 330)","(100, 430, 340)","(400, 430, 330)","(100, 430, 340)","(400, 430, 330)",,
DOWN,430,360,420,430,-64,430,50,120,360,"(100, 430, 350)","(400, 430, 340)","(100, 430, 350)","(400, 430, 340)","(100, 430, 350)","(400, 430, 340)",,
DOWN,430,370,420,430,-65,430,50,110,370,"(100, 430, 360)","(400, 430, 350)","(100, 430, 360)","(400, 430, 350)","(100, 430, 360)","(400, 430, 350)",,
DOWN,430,380,420,430,-66,430,50,100,380,"(100, 430, 370)","(400, 430, 360)","(100, 430, 370)","(400, 430, 360)","(100, 430, 370)","(400, 430, 360)",,
DOWN,430,390,420,430,-67,430,50,90,390,"(100, 430, 380)","(400, 430, 370)","(100, 430, 380)","(400, 430, 370)","(100, 430, 380)","(400, 430, 370)",,
LEFT,430,400,420,430,-68,430,50,80,400,"(100, 430, 390)","(400, 430, 380)","(100, 430, 390)","(400, 430, 380)","(100, 430, 390)","(400, 430, 380)",,
DOWN,420,400,420,430,-69,420,60,80,400,"(100, 430, 400)","(200, 430, 390)","(100, 430, 400)","(200, 430, 390)","(100, 430, 400)","(200, 430, 390)",,
DOWN,420,410,420,430,-70,420,60,70,410,"(100, 420, 400)","(200, 430, 400)","(100, 420, 400)","(200, 430, 400)","(100, 420, 400)","(200, 430, 400)",,
DOWN,420,420,420,430,-71,420,60,60,420,"(100, 420, 410)","(400, 420, 400)","(100, 420, 410)","(400, 420, 400)","(100, 420, 410)","(400, 420, 400)",,
DOWN,420,430,410,140,29,420,60,50,430,"(100, 420, 420)","(400, 420, 410)","(100, 420, 420)","(400, 420, 410)","(100, 420, 420)","(400, 420, 410)","(100, 420, 420)","(400, 420, 410)"
DOWN,420,440,410,140,28,420,60,40,440,"(100, 420, 430)","(400, 420, 420)","(100, 420, 430)","(400, 420, 420)","(100, 420, 430)","(400, 420, 420)","(100, 420, 430)","(400, 420, 420)"
DOWN,420,450,410,140,27,420,60,30,450,"(100, 420, 440)","(400, 420, 430)","(100, 420, 440)","(400, 420, 430)","(100, 420, 440)","(400, 420, 430)","(100, 420, 440)","(400, 420, 430)"
LEFT,420,460,410,140,26,420,60,20,460,"(100, 420, 450)","(400, 420, 440)","(100, 420, 450)","(400, 420, 440)","(100, 420, 450)","(400, 420, 440)","(100, 420, 450)","(400, 420, 440)"
LEFT,410,460,410,140,25,410,70,20,460,"(100, 420, 460)","(200, 420, 450)","(100, 420, 460)","(200, 420, 450)","(100, 420, 460)","(200, 420, 450)","(100, 420, 460)","(200, 420, 450)"
UP,400,460,410,140,24,400,80,20,460,"(100, 410, 460)","(400, 420, 460)","(100, 410, 460)","(400, 420, 460)","(100, 410, 460)","(400, 420, 460)","(100, 410, 460)","(400, 420, 460)"
UP,400,450,410,140,23,400,80,30,450,"(100, 400, 460)","(200, 410, 460)","(100, 400, 460)","(200, 410, 460)","(100, 400, 460)","(200, 410, 460)","(100, 400, 460)","(200, 410, 460)"
UP,400,440,410,140,22,400,80,40,440,"(100, 400, 450)","(400, 400, 460)","(100, 400, 450)","(400, 400, 460)","(100, 400, 450)","(400, 400, 460)","(100, 400, 450)","(400, 400, 460)"
UP,400,430,410,140,21,400,80,50,430,"(100, 400, 440)","(400, 400, 450)","(100, 400, 440)","(400, 400, 450)","(100, 400, 440)","(400, 400, 450)","(100, 400, 440)","(400, 400, 450)"
UP,400,420,410,140,20,400,80,60,420,"(100, 400, 430)","(400, 400, 440)","(100, 400, 430)","(400, 400, 440)","(100, 400, 430)","(400, 400, 440)","(100, 400, 430)","(400, 400, 440)"
UP,400,410,410,140,19,400,80,70,410,"(100, 400, 420)","(400, 400, 430)","(100, 400, 420)","(400, 400, 430)","(100, 400, 420)","(400, 400, 430)","(100, 400, 420)","(400, 400, 430)"
RIGHT,400,400,410,140,18,400,80,80,400,"(100, 400, 410)","(400, 400, 420)","(100, 400, 410)","(400, 400, 420)","(100, 400, 410)","(400, 400, 420)","(100, 400, 410)","(400, 400, 420)"
RIGHT,410,400,410,140,17,410,70,80,400,"(100, 400, 400)","(200, 400, 410)","(100, 400, 400)","(200, 400, 410)","(100, 400, 400)","(200, 400, 410)","(100, 400, 400)","(200, 400, 410)"
DOWN,420,400,410,140,16,420,60,80,400,"(100, 410, 400)","(400, 400, 400)","(100, 410, 400)","(400, 400, 400)","(100, 410, 400)","(400, 400, 400)","(100, 410, 400)","(400, 400, 400)"
DOWN,420,410,410,140,15,420,60,70,410,"(100, 420, 400)","(200, 410, 400)","(100, 420, 400)","(200, 410, 400)","(100, 420, 400)","(200, 410, 400)","(100, 420, 400)","(200, 410, 400)"
DOWN,420,420,410,140,14,420,60,60,420,"(100, 420, 410)","(400, 420, 400)","(100, 420, 410)","(400, 420, 400)","(100, 420, 410)","(400, 420, 400)","(100, 420, 410)","(400, 420, 400)"
DOWN,420,430,410,140,13,420,60,50,430,"(100, 420, 420)","(400, 420, 410)","(100, 420, 420)","(400, 420, 410)","(100, 420, 420)","(400, 420, 410)","(100, 420, 420)","(400, 420, 410)"
DOWN,420,440,410,140,12,420,60,40,440,"(100, 420, 430)","(400, 420, 420)","(100, 420, 430)","(400, 420, 420)","(100, 420, 430)","(400, 420, 420)","(100, 420, 430)","(400, 420, 420)"
DOWN,420,450,410,140,11,420,60,30,450,"(100, 420, 440)","(400, 420, 430)","(100, 420, 440)","(400, 420, 430)","(100, 420, 440)","(400, 420, 430)","(100, 420, 440)","(400, 420, 430)"
DOWN,420,460,410,140,10,420,60,20,460,"(100, 420, 450)","(400, 420, 440)","(100, 420, 450)","(400, 420, 440)","(100, 420, 450)","(400, 420, 440)","(100, 420, 450)","(400, 420, 440)"
DOWN,420,470,410,140,9,420,60,10,470,"(100, 420, 460)","(400, 420, 450)","(100, 420, 460)","(400, 420, 450)","(100, 420, 460)","(400, 420, 450)","(100, 420, 460)","(400, 420, 450)"
RIGHT,100,50,370,240,0,100,380,430,50,100,50,90,50,80,50,,
RIGHT,110,50,370,240,-1,110,370,430,50,110,50,100,50,90,50,,
RIGHT,120,50,370,240,-2,120,360,430,50,120,50,110,50,100,50,,
RIGHT,130,50,370,240,-3,130,350,430,50,130,50,120,50,110,50,,
RIGHT,140,50,370,240,-4,140,340,430,50,140,50,130,50,120,50,,
RIGHT,150,50,370,240,-5,150,330,430,50,150,50,140,50,130,50,,
RIGHT,160,50,370,240,-6,160,320,430,50,160,50,150,50,140,50,,
RIGHT,170,50,370,240,-7,170,310,430,50,170,50,160,50,150,50,,
RIGHT,180,50,370,240,-8,180,300,430,50,180,50,170,50,160,50,,
RIGHT,190,50,370,240,-9,190,290,430,50,190,50,180,50,170,50,,
RIGHT,200,50,370,240,-10,200,280,430,50,200,50,190,50,180,50,,
RIGHT,210,50,370,240,-11,210,270,430,50,210,50,200,50,190,50,,
RIGHT,220,50,370,240,-12,220,260,430,50,220,50,210,50,200,50,,
RIGHT,230,50,370,240,-13,230,250,430,50,230,50,220,50,210,50,,
RIGHT,240,50,370,240,-14,240,240,430,50,240,50,230,50,220,50,,
RIGHT,250,50,370,240,-15,250,230,430,50,250,50,240,50,230,50,,
DOWN,260,50,370,240,-16,260,220,430,50,260,50,250,50,240,50,,
DOWN,260,60,370,240,-17,260,220,420,60,260,60,260,50,250,50,,
DOWN,260,70,370,240,-18,260,220,410,70,260,70,260,60,260,50,,
RIGHT,260,80,370,240,-19,260,220,400,80,260,80,260,70,260,60,,
RIGHT,270,80,370,240,-20,270,210,400,80,270,80,260,80,260,70,,
RIGHT,280,80,370,240,-21,280,200,400,80,280,80,270,80,260,80,,
RIGHT,290,80,370,240,-22,290,190,400,80,290,80,280,80,270,80,,
DOWN,300,80,370,240,-23,300,180,400,80,300,80,290,80,280,80,,
DOWN,300,90,370,240,-24,300,180,390,90,300,90,300,80,290,80,,
DOWN,300,100,370,240,-25,300,180,380,100,300,100,300,90,300,80,,
DOWN,300,110,370,240,-26,300,180,370,110,300,110,300,100,300,90,,
RIGHT,300,120,370,240,-27,300,180,360,120,300,120,300,110,300,100,,
RIGHT,310,120,370,240,-28,310,170,360,120,310,120,300,120,300,110,,
RIGHT,320,120,370,240,-29,320,160,360,120,320,120,310,120,300,120,,
DOWN,330,120,370,240,-30,330,150,360,120,330,120,320,120,310,120,,
DOWN,330,130,370,240,-31,330,150,350,130,330,130,330,120,320,120,,
DOWN,330,140,370,240,-32,330,150,340,140,330,140,330,130,330,120,,
RIGHT,330,150,370,240,-33,330,150,330,150,330,150,330,140,330,130,,
RIGHT,340,150,370,240,-34,340,140,330,150,340,150,330,150,330,140,,
RIGHT,350,150,370,240,-35,350,130,330,150,350,150,340,150,330,150,,
RIGHT,360,150,370,240,-36,360,120,330,150,360,150,350,150,340,150,,
RIGHT,370,150,370,240,-37,370,110,330,150,370,150,360,150,350,150,,
DOWN,380,150,370,240,-38,380,100,330,150,380,150,370,150,360,150,,
DOWN,380,160,370,240,-39,380,100,320,160,380,160,380,150,370,150,,
DOWN,380,170,370,240,-40,380,100,310,170,380,170,380,160,380,150,,
DOWN,380,180,370,240,-41,380,100,300,180,380,180,380,170,380,160,,
DOWN,380,190,370,240,-42,380,100,290,190,380,190,380,180,380,170,,
DOWN,380,200,370,240,-43,380,100,280,200,380,200,380,190,380,180,,
LEFT,380,210,370,240,-44,380,100,270,210,380,210,380,200,380,190,,
DOWN,370,210,370,240,-45,370,110,270,210,370,210,380,210,380,200,,
DOWN,370,220,370,240,-46,370,110,260,220,370,220,370,210,380,210,,
DOWN,370,230,370,240,-47,370,110,250,230,370,230,370,220,370,210,,
DOWN,370,240,390,300,53,370,110,240,240,370,240,370,230,370,220,370,210
DOWN,370,250,390,300,52,370,110,230,250,370,250,370,240,370,230,370,220
RIGHT,370,260,390,300,51,370,110,220,260,370,260,370,250,370,240,370,230
RIGHT,380,260,390,300,50,380,100,220,260,380,260,370,260,370,250,370,240
RIGHT,390,260,390,300,49,390,90,220,260,390,260,380,260,370,260,370,250
DOWN,400,260,390,300,48,400,80,220,260,400,260,390,260,380,260,370,260
DOWN,400,270,390,300,47,400,80,210,270,400,270,400,260,390,260,380,260
DOWN,400,280,390,300,46,400,80,200,280,400,280,400,270,400,260,390,260
DOWN,400,290,390,300,45,400,80,190,290,400,290,400,280,400,270,400,260
DOWN,400,300,390,300,44,400,80,180,300,400,300,400,290,400,280,400,270
LEFT,400,310,390,300,43,400,80,170,310,400,310,400,300,400,290,400,280
LEFT,390,310,390,300,42,390,90,170,310,390,310,400,310,400,300,400,290
LEFT,380,310,390,300,41,380,100,170,310,380,310,390,310,400,310,400,300
LEFT,370,310,390,300,40,370,110,170,310,370,310,380,310,390,310,400,310
UP,360,310,390,300,39,360,120,170,310,360,310,370,310,380,310,390,310
UP,360,300,390,300,38,360,120,180,300,360,300,360,310,370,310,380,310
RIGHT,360,290,390,300,37,360,120,190,290,360,290,360,300,360,310,370,310
RIGHT,370,290,390,300,36,370,110,190,290,370,290,360,290,360,300,360,310
DOWN,380,290,390,300,35,380,100,190,290,380,290,370,290,360,290,360,300
DOWN,380,300,390,300,34,380,100,180,300,380,300,380,290,370,290,360,290
DOWN,380,310,390,300,33,380,100,170,310,380,310,380,300,380,290,370,290
DOWN,380,320,390,300,32,380,100,160,320,380,320,380,310,380,300,380,290
DOWN,380,330,390,300,31,380,100,150,330,380,330,380,320,380,310,380,300
DOWN,380,340,390,300,30,380,100,140,340,380,340,380,330,380,320,380,310
RIGHT,380,350,390,300,29,380,100,130,350,380,350,380,340,380,330,380,320
RIGHT,390,350,390,300,28,390,90,130,350,390,350,380,350,380,340,380,330
RIGHT,400,350,390,300,27,400,80,130,350,400,350,390,350,380,350,380,340
RIGHT,410,350,390,300,26,410,70,130,350,410,350,400,350,390,350,380,350
RIGHT,420,350,390,300,25,420,60,130,350,420,350,410,350,400,350,390,350
RIGHT,430,350,390,300,24,430,50,130,350,430,350,420,350,410,350,400,350
RIGHT,440,350,390,300,23,440,40,130,350,440,350,430,350,420,350,410,350
RIGHT,450,350,390,300,22,450,30,130,350,450,350,440,350,430,350,420,350
RIGHT,460,350,390,300,21,460,20,130,350,460,350,450,350,440,350,430,350
RIGHT,470,350,390,300,20,470,10,130,350,470,350,460,350,450,350,440,350
RIGHT,100,50,390,410,0,100,380,430,50,100,50,90,50,80,50,,
RIGHT,110,50,390,410,-1,110,370,430,50,110,50,100,50,90,50,,
RIGHT,120,50,390,410,-2,120,360,430,50,120,50,110,50,100,50,,
RIGHT,130,50,390,410,-3,130,350,430,50,130,50,120,50,110,50,,
RIGHT,140,50,390,410,-4,140,340,430,50,140,50,130,50,120,50,,
RIGHT,150,50,390,410,-5,150,330,430,50,150,50,140,50,130,50,,
RIGHT,160,50,390,410,-6,160,320,430,50,160,50,150,50,140,50,,
RIGHT,170,50,390,410,-7,170,310,430,50,170,50,160,50,150,50,,
RIGHT,180,50,390,410,-8,180,300,430,50,180,50,170,50,160,50,,
RIGHT,190,50,390,410,-9,190,290,430,50,190,50,180,50,170,50,,
DOWN,200,50,390,410,-10,200,280,430,50,200,50,190,50,180,50,,
DOWN,200,60,390,410,-11,200,280,420,60,200,60,200,50,190,50,,
DOWN,200,70,390,410,-12,200,280,410,70,200,70,200,60,200,50,,
RIGHT,200,80,390,410,-13,200,280,400,80,200,80,200,70,200,60,,
RIGHT,210,80,390,410,-14,210,270,400,80,210,80,200,80,200,70,,
RIGHT,220,80,390,410,-15,220,260,400,80,220,80,210,80,200,80,,
RIGHT,230,80,390,410,-16,230,250,400,80,230,80,220,80,210,80,,
RIGHT,240,80,390,410,-17,240,240,400,80,240,80,230,80,220,80,,
RIGHT,250,80,390,410,-18,250,230,400,80,250,80,240,80,230,80,,
RIGHT,260,80,390,410,-19,260,220,400,80,260,80,250,80,240,80,,
RIGHT,270,80,390,410,-20,270,210,400,80,270,80,260,80,250,80,,
RIGHT,280,80,390,410,-21,280,200,400,80,280,80,270,80,260,80,,
RIGHT,290,80,390,410,-22,290,190,400,80,290,80,280,80,270,80,,
RIGHT,300,80,390,410,-23,300,180,400,80,300,80,290,80,280,80,,
RIGHT,310,80,390,410,-24,310,170,400,80,310,80,300,80,290,80,,
RIGHT,320,80,390,410,-25,320,160,400,80,320,80,310,80,300,80,,
RIGHT,330,80,390,410,-26,330,150,400,80,330,80,320,80,310,80,,
RIGHT,340,80,390,410,-27,340,140,400,80,340,80,330,80,320,80,,
RIGHT,350,80,390,410,-28,350,130,400,80,350,80,340,80,330,80,,
RIGHT,360,80,390,410,-29,360,120,400,80,360,80,350,80,340,80,,
RIGHT,370,80,390,410,-30,370,110,400,80,370,80,360,80,350,80,,
RIGHT,380,80,390,410,-31,380,100,400,80,380,80,370,80,360,80,,
RIGHT,390,80,390,410,-32,390,90,400,80,390,80,380,80,370,80,,
RIGHT,400,80,390,410,-33,400,80,400,80,400,80,390,80,380,80,,
RIGHT,410,80,390,410,-34,410,70,400,80,410,80,400,80,390,80,,
RIGHT,420,80,390,410,-35,420,60,400,80,420,80,410,80,400,80,,
RIGHT,430,80,390,410,-36,430,50,400,80,430,80,420,80,410,80,,
RIGHT,440,80,390,410,-37,440,40,400,80,440,80,430,80,420,80,,
RIGHT,450,80,390,410,-38,450,30,400,80,450,80,440,80,430,80,,
RIGHT,460,80,390,410,-39,460,20,400,80,460,80,450,80,440,80,,
RIGHT,470,80,390,410,-40,470,10,400,80,470,80,460,80,450,80,,
